Symbol,ISIN,Company
CHALET,INE427F01016,Chalet Hotels Limited
XELPMOC,INE01P501012,Xelpmoc Design And Tech Limited
CESCVENT,INE425Y01011,CESC Ventures Limited
SPENCERS,INE020801028,Spencer's Retail Limited
SAGARDEEP,INE976T01013,Sagardeep Alloys Limited
DALBHARAT,INE00R701025,Odisha Cement Limited
TREJHARA,INE00CA01015,TREJHARA SOLUTIONS LIMITED
NILASPACES,INE00S901012,Nila Spaces Limited
TECHNOE,INE285K01026,Techno Electric & Engineering Company Limited
ADANIGAS,INE399L01023,Adani Gas Limited
GRSE,INE382Z01011,Garden Reach Shipbuilders & Engineers Limited
AAVAS,INE216P01012,Aavas Financiers Limited
IRCON,INE962Y01013,Ircon International Limited
AIONJSW,INE743C01021,Monnet Ispat & Energy Limited
SIGIND,INE529F01035,Signet Industries Limited
CREDITACC,INE741K01010,CREDITACCESS GRAMEEN LIMITED
HDFCAMC,INE127D01025,HDFC Asset Management Company Limited
TCNSBRANDS,INE778U01029,TCNS Clothing Co. Limited
HBSL,INE550B01022,HB Stockholdings Limited
VARROC,INE665L01035,Varroc Engineering Limited
FINEORG,INE686Y01026,Fine Organic Industries Limited
RITES,INE320J01015,RITES Limited
TALWGYM,INE627Z01019,Talwalkars Healthclubs Limited
GAYAHWS,INE287Z01012,Gayatri Highways Limited
SOLARA,INE624Z01016,Solara Active Pharma Sciences Limited
ADANIGREEN,INE364U01010,Adani Green Energy Limited
BOROSIL,INE666D01022,Borosil Glass Works Limited
INDOSTAR,INE896L01010,IndoStar Capital Finance Limited
ORIENTELEC,INE142Z01019,Orient Electric Limited
HITECH,INE106T01017,Hi-Tech Pipes Limited
CHEMFAB,INE783X01023,Chemfab Alkalis Limited
LEMONTREE,INE970X01018,Lemon Tree Hotels Limited
CENTRUM,INE660C01027,Centrum Capital Limited
MIDHANI,INE099Z01011,Mishra Dhatu Nigam Limited
ISEC,INE763G01038,ICICI Securities Limited
KARDA,INE278R01018,Karda Constructions Limited
SANDHAR,INE278H01035,Sandhar Technologies Limited
HAL,INE066F01012,Hindustan Aeronautics Limited
BANDHANBNK,INE545U01014,Bandhan Bank Limited
SUNDARMHLD,INE202Z01029,Sundaram Finance Holdings Limited
BDL,INE171Z01018,Bharat Dynamics Limited
HGINFRA,INE926X01010,H.G. Infra Engineering Limited
GMMPFAUDLR,INE541A01023,GMM Pfaudler Limited
SHIVAMILLS,INE644Y01017,Shiva Mills Limited
ASTERDM,INE914M01019,Aster DM Healthcare Limited
GALAXYSURF,INE600K01018,Galaxy Surfactants Limited
PRAXIS,INE546Y01022,Praxis Home Retail Limited
AMBER,INE371P01015,Amber Enterprises India Limited
NEWGEN,INE619B01017,Newgen Software Technologies Limited
APOLLO,INE713T01010,Apollo Micro Systems Limited
ASTRON,INE646X01014,Astron Paper & Board Mill Limited
SHIVATEX,INE705C01020,Shiva Texyarn Limited
FSC,INE935Q01015,Future Supply Chain Solutions Limited
SHALBY,INE597J01018,Shalby Limited
DNAMEDIA,INE016M01021,Diligent Media Corporation Limited
HDFCLIFE,INE795G01014,HDFC Life Insurance Company Limited
5PAISA,INE618L01018,5Paisa Capital Limited
IFGLEXPOR,INE133Y01011,IFGL Refractories Limited
KHADIM,INE834I01025,Khadim India Limited
NIACL,INE470Y01017,The New India Assurance Company Limited
MAHLOG,INE766P01016,Mahindra Logistics Limited
RNAM,INE298J01013,Reliance Nippon Life Asset Management Limited
TIINDIA,INE974X01010,Tube Investments of India Limited
GICRE,INE481Y01014,General Insurance Corporation of India
IEX,INE022Q01020,Indian Energy Exchange Limited
MASFIN,INE348L01012,MAS Financial Services Limited
TCPLPACK,INE822C01015,TCPL Packaging Limited
GODREJAGRO,INE850D01014,Godrej Agrovet Limited
SCAPDVR,INE224E01036,Stampede Capital Limited
DIAMONDYD,INE393P01035,Prataap Snacks Limited
SBILIFE,INE123W01016,SBI Life Insurance Company Limited
ICICIGI,INE765G01017,ICICI Lombard General Insurance Company Limited
CAPACITE,INE264T01014,Capacit'e Infraprojects Limited
TIFIN,INE149A01033,TI Financial Holdings Limited
RHFL,INE217K01011,Reliance Home Finance Limited
LASA,INE670X01014,Lasa Supergenerics Limited
DCAL,INE385W01011,Dishman Carbogen Amcis Limited
MATRIMONY,INE866R01028,Matrimony.Com Limited
BRNL,INE727S01012,Bharat Road Network Limited
DIXON,INE935N01012,Dixon Technologies (India) Limited
APEX,INE346W01013,Apex Frozen Foods Limited
ABCAPITAL,INE674K01013,Aditya Birla Capital Limited
SMSLIFE,INE320X01016,SMS Lifesciences India Limited
COCHINSHIP,INE704P01017,Cochin Shipyard Limited
SIS,INE285J01010,Security and Intelligence Services (India) Limited
SPTL,INE501W01021,Sintex Plastics Technology Limited
OPTIEMUS,INE350C01017,Optiemus Infracom Limited
THEINVEST,INE924D01017,The Investment Trust Of India Limited
MAGADSUGAR,INE347W01011,Magadh Sugar & Energy Limited
GANGESSECU,INE335W01016,Ganges Securities Limited
AVADHSUGAR,INE349W01017,Avadh Sugar & Energy Limited
PALASHSECU,INE471W01019,Palash Securities Limited
SALASAR,INE170V01019,Salasar Techno Engineering Limited
BHAGYAPROP,INE363W01018,Bhagyanagar Properties Limited
STEELXIND,INE503B01013,STEEL EXCHANGE INDIA LIMITED
AGLSL,INE517U01013,Artemis Global Life Sciences Limited
DYNPRO,INE256H01015,Dynemic Products Limited
AUBANK,INE949L01017,AU Small Finance Bank Limited
GTPL,INE869I01013,GTPL Hathway Limited
CDSL,INE736A01011,Central Depository Services (India) Limited
ERIS,INE406M01024,Eris Lifesciences Limited
TEJASNET,INE010J01012,Tejas Networks Limited
STARCEMENT,INE460H01021,Star Cement Limited
PSPPROJECT,INE488V01015,PSP Projects Limited
HUDCO,INE031A01017,Housing & Urban Development Corporation Limited
BHAGYANGR,INE458B01036,Bhagyanagar India Limited
SCHAND,INE807K01035,S Chand And Company Limited
DOLLAR,INE325C01035,Dollar Industries Limited
WIPL,INE215F01023,The Western India Plywoods Limited
PODDARHOUS,INE888B01018,Poddar Housing and Development Limited
APCL,INE071F01012,Anjani Portland Cement Limited
NACLIND,INE295D01020,NACL Industries Limited
NRAIL,INE740D01017,N R Agarwal Industries Limited
SHANKARA,INE274V01019,Shankara Building Products Limited
CLEDUCATE,INE201M01011,CL Educate Limited
ARIHANTSUP,INE643K01018,Arihant Superstructures Limited
URJA,INE550C01020,Urja Global Limited
AKSHARCHEM,INE542B01011,AksharChem India Limited
TASTYBITE,INE488B01017,Tasty Bite Eatables Limited
INTENTECH,INE781A01025,Intense Technologies Limited
DMART,INE192R01011,Avenue Supermarts Limited
RADIOCITY,INE919I01016,Music Broadcast Limited
JITFINFRA,INE863T01013,JITF Infralogistics Limited
KALYANI,INE610E01010,Kalyani Commercials Limited
PRICOLLTD,INE726V01018,Pricol Limited
BSE,INE118H01025,BSE Limited
BHANDARI,INE474E01029,Bhandari Hosiery Exports Limited
CAPTRUST,INE707C01018,Capital Trust Limited
SPCENET,INE970N01027,Spacenet Enterprises India Limited
HISARMETAL,INE598C01011,Hisar Metal Industries Limited
ITDC,INE353K01014,India Tourism Development Corporation Limited
TERASOFT,INE482B01010,Tera Software Limited
DFMFOODS,INE456C01020,DFM Foods Limited
LAURUSLABS,INE947Q01010,Laurus Labs Limited
TCIEXP,INE586V01016,TCI Express Limited
TMRVL,INE759V01019,The Mandhana Retail Ventures Limited
SFL,INE916U01025,Sheela Foam Limited
CMICABLES,INE981B01011,CMI Limited
KIOCL,INE880L01014,KIOCL Limited
HIGHGROUND,INE361M01021,High Ground Enterprise Limited
NBIFIN,INE365I01020,N. B. I. Industrial Finance Company Limited
ROLLT,INE927A01040,Rollatainers Limited
PODDARMENT,INE371C01013,Poddar Pigments Limited
SANCO,INE782L01012,Sanco Industries Limited
KINGFA,INE473D01015,Kingfa Science & Technology (India) Limited
VBL,INE200M01013,Varun Beverages Limited
PNBHOUSING,INE572E01012,PNB Housing Finance Limited
MAZDA,INE885E01034,Mazda Limited
NIRAJISPAT,INE326T01011,Niraj Ispat Industries Limited
ENDURANCE,INE913H01037,Endurance Technologies Limited
MASKINVEST,INE885F01015,Mask Investments Limited
HPL,INE495S01016,HPL Electric & Power Limited
ICICIPRULI,INE726G01019,ICICI Prudential Life Insurance Company Limited
MARATHON,INE182D01020,Marathon Nextgen Realty Limited
GNA,INE934S01014,GNA Axles Limited
LTTS,INE010V01017,L&T Technology Services Limited
CUPID,INE509F01011,Cupid Limited
TVVISION,INE871L01013,TV Vision Limited
SABEVENTS,INE860T01019,Sab Events & Governance Now Media Limited
BIGBLOC,INE412U01017,Bigbloc Construction Limited
RBLBANK,INE976G01028,RBL Bank Limited
FRETAIL,INE752P01024,Future Retail Limited
NDGL,INE756C01015,Naga Dhunseri Group Limited
SPAL,INE212I01016,S. P. Apparels Limited
DBL,INE917M01012,Dilip Buildcon Limited
MINDTECK,INE110B01017,Mindteck (India) Limited
ADVENZYMES,INE837H01020,Advanced Enzyme Technologies Limited
STAMPEDE,INE224E01028,Stampede Capital Limited
LTI,INE214T01019,Larsen & Toubro Infotech Limited
LSIL,INE093R01011,Lloyds Steels Industries Limited
SOMICONVEY,INE323J01019,Somi Conveyor Beltings Limited
MAXINDIA,INE153U01017,Max India Limited
GROBTEA,INE646C01018,The Grob Tea Company Limited
DIGJAMLTD,INE731U01010,Digjam Limited
QUESS,INE615P01015,Quess Corp Limited
VIJIFIN,INE159N01027,Viji Finance Limited
GPTINFRA,INE390G01014,GPT Infraprojects Limited
COMPINFO,INE070C01037,Compuage Infocom Limited
POKARNA,INE637C01025,Pokarna Limited
MOLDTECH,INE835B01035,Mold-Tek Technologies Limited
DAMODARIND,INE497D01022,Damodar Industries Limited
MAHASTEEL,INE451L01014,Mahamaya Steel Industries Limited
MGL,INE002S01010,Mahanagar Gas Limited
ADHUNIKIND,INE452L01012,Adhunik Industries Limited
SETCO,INE878E01021,Setco Automotive Limited
CONTROLPR,INE663B01015,Control Print Limited
UVSL,INE292A01023,Uttam Value Steels Limited
MAXVIL,INE154U01015,Max Ventures and Industries Limited
PREMEXPLN,INE863B01011,Premier Explosives Limited
SALONA,INE498E01010,Salona Cotspin Limited
NAGAFERT,INE454M01024,Nagarjuna Fertilizers and Chemicals Limited
ABMINTLTD,INE251C01017,ABM International Limited
ALBERTDAVD,INE155C01010,Albert David Limited
ARMANFIN,INE109C01017,Arman Financial Services Limited
ASPINWALL,INE991I01015,Aspinwall and Company Limited
BLS,INE153T01027,BLS International Services Limited
SHRIPISTON,INE526E01018,Shriram Pistons & Rings Limited
PARAGMILK,INE883N01014,Parag Milk Foods Limited
CROMPTON,INE299U01018,Crompton Greaves Consumer Electricals Limited
UJJIVAN,INE334L01012,Ujjivan Financial Services Limited
PALREDTEC,INE218G01033,Palred Technologies Limited
THYROCARE,INE594H01019,Thyrocare Technologies Limited
EQUITAS,INE988K01017,Equitas Holdings Limited
INFIBEAM,INE483S01020,Infibeam Avenues Limited
BHARATWIRE,INE316L01019,Bharat Wire Ropes Limited
PDMJEPAPER,INE865T01018,Pudumjee Paper Products Limited
HCG,INE075I01017,Healthcare Global Enterprises Limited
KDDL,INE291D01011,KDDL Limited
SIMBHALS,INE748T01016,Simbhaoli Sugars Limited
GOKULAGRO,INE314T01025,Gokul Agro Resources Limited
SEQUENT,INE807F01027,Sequent Scientific Limited
BHAGERIA,INE354C01027,Bhageria Industries Limited
KELLTONTEC,INE164B01022,Kellton Tech Solutions Limited
NECCLTD,INE553C01016,North Eastern Carrying Corporation Limited
VIDHIING,INE632C01026,Vidhi Specialty Food Ingredients Limited
QUICKHEAL,INE306L01010,Quick Heal Technologies Limited
TEAMLEASE,INE985S01024,Teamlease Services Limited
PRECAM,INE484I01029,Precision Camshafts Limited
JSLHISAR,INE455T01018,Jindal Stainless (Hisar) Limited
OCCL,INE321D01016,Oriental Carbon & Chemicals Limited
NH,INE410P01011,Narayana Hrudayalaya Ltd.
ALKEM,INE540L01014,Alkem Laboratories Limited
LALPATHLAB,INE600L01024,Dr. Lal Path Labs Ltd.
LINCOLN,INE405C01035,Lincoln Pharmaceuticals Limited
KRIDHANINF,INE524L01026,Kridhan Infra Limited
PILANIINVS,INE417C01014,Pilani Investment and Industries Corporation Limited
TTKHLTCARE,INE910C01018,TTK Healthcare Limited
UMANGDAIRY,INE864B01027,Umang Dairies Limited
SALZERELEC,INE457F01013,Salzer Electronics Limited
AIFL,INE428O01016,Ashapura Intimates Fashion Limited
LUXIND,INE150G01020,Lux Industries Limited
SHK,INE500L01026,S H Kelkar and Company Limited
INDIGO,INE646L01027,InterGlobe Aviation Limited
IDFCFIRSTB,INE092T01019,IDFC First Bank Limited
COFFEEDAY,INE335K01011,Coffee Day Enterprises Limited
PRABHAT,INE302M01033,Prabhat Dairy Limited
SADBHIN,INE764L01010,Sadbhav Infrastructure Project Limited
GUJGASLTD,INE844O01030,Gujarat Gas Limited
PENPEBS,INE455O01019,Pennar Engineered Building Systems Limited
SHREEPUSHK,INE712K01011,Shree Pushkar Chemicals & Fertilisers Limited
NAVKARCORP,INE278M01019,Navkar Corporation Limited
SHARDAMOTR,INE597I01010,Sharda Motor Industries Limited
ARVSMART,INE034S01021,Arvind SmartSpaces Limited
SATIN,INE836B01017,Satin Creditcare Network Limited
POWERMECH,INE211R01019,Power Mech Projects Limited
MUTHOOTCAP,INE296G01013,Muthoot Capital Services Limited
ORTINLABSS,INE749B01012,Ortin Laboratories Limited
MAJESCO,INE898S01029,Majesco Limited
PKTEA,INE431F01018,The Peria Karamalai Tea & Produce Company Limited
RAMASTEEL,INE230R01027,Rama Steel Tubes Limited
KAYA,INE587G01015,Kaya Limited
AYMSYNTEX,INE193B01039,AYM Syntex Limited
SYNGENE,INE398R01022,Syngene International Limited
ADANITRANS,INE931S01010,Adani Transmission Limited
SHYAMCENT,INE979R01011,Shyam Century Ferrous Limited
BALKRISHNA,INE875R01011,Balkrishna Paper Mills Limited
ORICONENT,INE730A01022,Oricon Enterprises Limited
MANPASAND,INE122R01018,Manpasand Beverages Limited
ALANKIT,INE914E01040,Alankit Limited
SKIPPER,INE439E01022,Skipper Limited
PNCINFRA,INE195J01029,PNC Infratech Limited
ARROWGREEN,INE570D01018,Arrow Greentech Limited
NILAINFRA,INE937C01029,Nila Infrastructures Limited
TPLPLASTEH,INE413G01014,TPL Plastech Limited
UFO,INE527H01019,UFO Moviez India Limited
FAIRCHEM,INE959A01019,Fairchem Speciality Limited
BCG,INE425B01027,Brightcom Group Limited
MEP,INE776I01010,MEP Infrastructure Developers Limited
VRLLOG,INE366I01010,VRL Logistics Limited
VETO,INE918N01018,Veto Switchgears And Cables Limited
VIPULLTD,INE946H01037,Vipul Limited
BYKE,INE319B01014,The Byke Hospitality Ltd
LFIC,INE850E01012,Lakshmi Finance & Industrial Corporation Limited
AVANTIFEED,INE871C01038,Avanti Feeds Limited
INOXWIND,INE066P01011,Inox Wind Limited
ADLABS,INE172N01012,Adlabs Entertainment Limited
MANAKALUCO,INE859Q01017,Manaksia Aluminium Company Limited
ZENTEC,INE251B01027,Zen Technologies Limited
BKMINDST,INE831Q01016,Bkm Industries Limited
MANAKSTEEL,INE824Q01011,Manaksia Steels Limited
MANAKCOAT,INE830Q01018,Manaksia Coated Metals & Industries Limited
ORTEL,INE849L01019,Ortel Communications Limited
JMA,INE412C01015,Jullundur Motor Agency (Delhi) Limited
HESTERBIO,INE782E01017,Hester Biosciences Limited
GANECOS,INE845D01014,Ganesha Ecosphere Limited
LINCPEN,INE802B01019,Linc Pen & Plastics Limited
MENONBE,INE071D01033,Menon Bearings Limited
VISHNU,INE270I01014,Vishnu Chemicals Limited
GREENLAM,INE544R01013,Greenlam Industries Limited
MOLDTKPAC,INE893J01029,Mold-Tek Packaging Limited
GENUSPAPER,INE949P01018,Genus Paper & Boards Limited
GRPLTD,INE137I01015,GRP Limited
LAMBODHARA,INE112F01022,Lambodhara Textiles Limited
CCHHL,INE652F01027,Country Club Hospitality & Holidays Limited
SHAKTIPUMP,INE908D01010,Shakti Pumps (India) Limited
GULPOLY,INE255D01024,Gulshan Polyols Limited
UNITEDTEA,INE458F01011,The United Nilgiri Tea Estates Company Limited
APOLSINHOT,INE451F01024,Apollo Sindoori Hotels Limited
DTIL,INE341R01014,Dhunseri Tea & Industries Limited
CAMLINFINE,INE052I01032,Camlin Fine Sciences Limited
FCL,INE045J01026,Fineotex Chemical Limited
BEARDSELL,INE520H01022,Beardsell Limited
GOODLUCK,INE127I01024,Goodluck India Limited
AMRUTANJAN,INE098F01031,Amrutanjan Health Care Limited
MONTECARLO,INE950M01013,Monte Carlo Fashions Limited
INTELLECT,INE306R01017,Intellect Design Arena Limited
MANAPPURAM,INE522D01027,Manappuram Finance Limited
PDSMFL,INE111Q01013,PDS Multinational Fashions Limited
MINDACORP,INE842C01021,Minda Corporation Limited
CIGNITITEC,INE675C01017,Cigniti Technologies Limited
SHEMAROO,INE363M01019,Shemaroo Entertainment Limited
SUPERHOUSE,INE712B01010,Superhouse Limited
SHARDACROP,INE221J01015,Sharda Cropchem Limited
SNOWMAN,INE734N01019,Snowman Logistics Limited
GULFOILLUB,INE635Q01029,Gulf Oil Lubricants India Limited
GOCLCORP,INE077F01035,GOCL Corporation Limited
CAPLIPOINT,INE475E01026,Caplin Point Laboratories Limited
HATSUN,INE473B01035,Hatsun Agro Product Limited
AGARIND,INE204E01012,Agarwal Industrial Corporation Limited
WONDERLA,INE066O01014,Wonderla Holidays Limited
BUTTERFLY,INE295F01017,Butterfly Gandhimathi Appliances Limited
ARCOTECH,INE574I01035,Arcotech Limited
SDBL,INE480C01012,Som Distilleries & Breweries Limited
CASTROLIND,INE172A01027,Castrol India Limited
8KMILES,INE650K01021,8K Miles Software Services Limited
AGRITECH,INE449G01018,Agri-Tech (India) Limited
NATHBIOGEN,INE448G01010,Nath Bio-Genes (India) Limited
SREEL,INE099F01013,Sreeleathers Limited
CNOVAPETRO,INE672K01025,CIL Nova Petrochemicals Limited
JPOLYINVST,INE147P01019,Jindal Poly Investment and Finance Company Limited
ORBTEXP,INE231G01010,Orbit Exports Limited
LYPSAGEMS,INE142K01011,Lypsa Gems & Jewellery Limited
PILITA,INE600A01035,PIL ITALICA LIFESTYLE LIMITED
FLFL,INE452O01016,Future Lifestyle Fashions Limited
NTL,INE333I01036,Neueon Towers Limited
INTEGRA,INE418N01027,Integra Garments and Textiles Limited
IBULHSGFIN,INE148I01020,Indiabulls Housing Finance Limited
ABFRL,INE647O01011,Aditya Birla Fashion and Retail Limited
ORIENTCEM,INE876N01018,Orient Cement Limited
FCONSUMER,INE220J01025,Future Consumer Limited
ATULAUTO,INE951D01028,Atul Auto Limited
CEREBRAINT,INE345B01019,Cerebra Integrated Technologies Limited
JUSTDIAL,INE599M01018,Just Dial Limited
VIVIDHA,INE370E01029,Visagar Polytex Limited
VIMALOIL,INE067D01015,Vimal Oil & Foods Limited
GSCLCEMENT,INE542A01039,Gujarat Sidhee Cement Limited
NIBL,INE047O01014,NRB Industrial Bearings Limited
REPCOHOME,INE612J01015,Repco Home Finance Limited
ANKITMETAL,INE106I01010,Ankit Metal & Power Limited
MOHITIND,INE954E01012,Mohit Industries Limited
VMART,INE665J01013,V-Mart Retail Limited
INFRATEL,INE121J01017,Bharti Infratel Limited
PCJEWELLER,INE785M01013,PC Jeweller Limited
CARERATING,INE752H01013,CARE Ratings Limited
TARAJEWELS,INE799L01016,Tara Jewels Limited
ZUARI,INE840M01016,Zuari Agro Chemicals Limited
BAFNAPHARM,INE878I01014,Bafna Pharmaceuticals Limited
SUNCLAYLTD,INE105A01035,Sundaram Clayton Limited
PROSEED,INE217G01027,Proseed India Limited
DUCON,INE741L01018,Ducon Infratechnologies Limited
KITEX,INE602G01020,Kitex Garments Limited
MAYURUNIQ,INE040D01038,Mayur Uniquoters Ltd
ROSSELLIND,INE847C01020,Rossell India Limited
MORARJEE,INE161G01027,Morarjee Textiles Limited
PROZONINTU,INE195N01013,Prozone Intu Properties Limited
RTNINFRA,INE834M01019,RattanIndia Infrastructure Limited
SEPOWER,INE735M01018,S.E. Power Limited
CINELINE,INE704H01022,Cineline India Limited
EON,INE076H01025,Eon Electric Limited
SPECIALITY,INE247M01014,Speciality Restaurants Limited
CHROMATIC,INE662C01015,Chromatic India Limited
SWANENERGY,INE665A01038,Swan Energy Limited
VSSL,INE050M01012,Vardhman Special Steels Limited
TBZ,INE760L01018,Tribhovandas Bhimji Zaveri Limited
HEXATRADEX,INE750M01017,Hexa Tradex Limited
NBCC,INE095N01031,NBCC (India) Limited
MTEDUCARE,INE472M01018,MT Educare Limited
MMTC,INE123F01029,MMTC Limited
NAGAROIL,INE453M01018,Nagarjuna Oil Refinery Limited
PROVOGE,INE968G01033,Provogue (India) Limited
NDL,INE875G01030,Nandan Denim Limited
SCHNEIDER,INE839M01018,Schneider Electric Infrastructure Limited
ORIENTREF,INE743M01012,Orient Refractories Limited
MCX,INE745G01035,Multi Commodity Exchange of India Limited
COMPUSOFT,INE453B01029,Compucom Software Limited
DBSTOCKBRO,INE921B01025,DB (International) Stock Brokers Limited
JAIHINDPRO,INE343D01010,Jaihind Projects Limited
THOMASCOTT,INE480M01011,Thomas Scott (India) Limited
KANANIIND,INE879E01037,Kanani Industries Limited
APLAPOLLO,INE702C01019,APL Apollo Tubes Limited
VIKASECO,INE806A01020,Vikas EcoTech Limited
RUPA,INE895B01021,Rupa & Company Limited
POLYMED,INE205C01021,Poly Medicure Limited
DSSL,INE417B01040,Dynacons Systems & Solutions Limited
JISLDVREQS,IN9175A01010,Jain Irrigation Systems Limited
ESSARSHPNG,INE122M01019,Essar Shipping Limited
INDOTHAI,INE337M01013,Indo Thai Securities Limited
TRITURBINE,INE152M01016,Triveni Turbine Limited
UJAAS,INE899L01022,Ujaas Energy Limited
FLEXITUFF,INE060J01017,Flexituff Ventures International Limited
ONELIFECAP,INE912L01015,Onelife Capital Advisors Limited
PAISALO,INE420C01042,Paisalo Digital Limited
TIJARIA,INE440L01017,Tijaria Polypipes Limited
PRAKASHCON,INE023M01027,Prakash Constrowell Limited
PANAMAPET,INE305C01029,Panama Petrochem Limited
PGEL,INE457L01011,PG Electroplast Limited
APLLTD,INE901L01018,Alembic Pharmaceuticals Limited
VASWANI,INE590L01019,Vaswani Industries Limited
TECHIN,INE778A01021,Techindia Nirman Limited
CIMMCO,INE184C01028,Cimmco Limited
TDPOWERSYS,INE419M01019,TD Power Systems Limited
BROOKS,INE650L01011,Brooks Laboratories Limited
ASAHISONG,INE228I01012,Asahi Songwon Colors Limited
FILATEX,INE816B01027,Filatex India Limited
TREEHOUSE,INE040M01013,Tree House Education & Accessories Limited
WINSOME,INE784B01035,Winsome Yarns Limited
GAYAPROJ,INE336H01023,Gayatri Projects Limited
BODALCHEM,INE338D01028,Bodal Chemicals Limited
IBULISL,INE126M01010,Indiabulls Integrated Services Limited
WINDMACHIN,INE052A01021,Windsor Machines Limited
L&TFH,INE498L01015,L&T Finance Holdings Limited
ELGIRUBCO,INE819L01012,Elgi Rubber Company Limited
INVENTURE,INE878H01016,Inventure Growth & Securities Limited
BGLOBAL,INE224M01013,Bharatiya Global Infomedia Limited
RUSHIL,INE573K01017,Rushil Decor Limited
MAITHANALL,INE683C01011,Maithan Alloys Limited
KWALITY,INE775B01025,kwality limited
ASHIANA,INE365D01021,Ashiana Housing Limited
DHANUKA,INE435G01025,Dhanuka Agritech Limited
KARMAENG,INE725L01011,Karma Energy Limited
WEIZFOREX,INE726L01019,Weizmann Forex Limited
DQE,INE656K01010,DQ Entertainment (International) Limited
VSTTILLERS,INE764D01017,V.S.T Tillers Tractors Limited
ESTER,INE778B01029,Ester Industries Limited
OMMETALS,INE239D01028,OM Metals Infraprojects Limited
RELAXO,INE131B01039,Relaxo Footwears Limited
VADILALIND,INE694D01016,Vadilal Industries Limited
PIIND,INE603J01030,PI Industries Limited
SYMPHONY,INE225D01027,Symphony Limited
SANGHVIFOR,INE263L01013,Sanghvi Forging and Engineering Limited
MUTHOOTFIN,INE414G01012,Muthoot Finance Limited
TCIDEVELOP,INE662L01016,TCI Developers Limited
PFS,INE560K01014,PTC India Financial Services Limited
LOVABLE,INE597L01014,Lovable Lingerie Limited
DHUNINV,INE320L01011,Dhunseri Investments Limited
INDTERRAIN,INE611L01021,Indian Terrain Fashions Limited
HFCL,INE548A01028,Himachal Futuristic Communications Limited
TEXRAIL,INE621L01012,Texmaco Rail & Engineering Limited
HINDMOTORS,INE253A01025,Hindustan Motors Limited
BILENERGY,INE607L01029,Bil Energy Systems Limited
JUBLINDS,INE645L01011,Jubilant Industries Limited
OMKARCHEM,INE474L01016,Omkar Speciality Chemicals Limited
STEL,INE577L01016,Stel Holdings Limited
SUMMITSEC,INE519C01017,Summit Securities Limited
KICL,INE029L01018,Kalyani Investment Company Limited
BFINVEST,INE878K01010,BF Investment Limited
SPYL,INE268L01020,Shekhawati Poly-Yarn Limited
SURANASOL,INE272L01022,Surana Solar Limited
FMNL,INE360L01017,Future Market Networks Limited
PSB,INE608A01012,Punjab & Sind Bank
RKDL,INE722J01012,Ravi Kumar Distilleries Limited
KIRLOSENG,INE146L01010,Kirloskar Oil Engines Limited
A2ZINFRA,INE619I01012,A2Z Infra Engineering Limited
KTIL,INE096L01025,Kesar Terminals & Infrastructure Limited
ZEELEARN,INE565L01011,Zee Learn Limited
MOIL,INE490G01020,MOIL Limited
SUMEETINDS,INE235C01010,Sumeet Industries Limited
JAMNAAUTO,INE039C01032,Jamna Auto Industries Limited
RPPINFRA,INE324L01013,R.P.P. Infra Projects Limited
PENIND,INE932A01024,Pennar Industries Limited
JINDWORLD,INE247D01039,Jindal Worldwide Limited
GRAVITA,INE024L01027,Gravita India Limited
ANDHRACEMT,INE666E01012,Andhra Cements Limited
IOLCP,INE485C01011,IOL Chemicals and Pharmaceuticals Limited
COALINDIA,INE522F01014,Coal India Limited
RESPONIND,INE688D01026,Responsive Industries Limited
CGCL,INE180C01026,Capri Global Capital Limited
PRESTIGE,INE811K01011,Prestige Estates Projects Limited
GAL,INE482J01021,Gyscoal Alloys Limited
OBEROIRLTY,INE093I01010,Oberoi Realty Limited
CEBBCO,INE209L01016,Commercial Engineers & Body Builders Co Limited
BEDMUTHA,INE844K01012,Bedmutha Industries Limited
ASHOKA,INE442H01029,Ashoka Buildcon Limited
WABAG,INE956G01038,VA Tech Wabag Limited
CANTABIL,INE068L01016,Cantabil Retail India Limited
GALLISPAT,INE528K01029,Gallantt Ispat Limited
GREENPOWER,INE999K01014,Orient Green Power Company Limited
RAMKY,INE874I01013,Ramky Infrastructure Limited
CAREERP,INE521J01018,Career Point Limited
EROSMEDIA,INE416L01017,Eros International Media Limited
SASTASUNDR,INE019J01013,Sastasundar Ventures Limited
DEEPAKNTR,INE288B01029,Deepak Nitrite Limited
INDOSOLAR,INE866K01015,Indosolar Limited
KILITCH,INE729D01010,Kilitch Drugs (India) Limited
ORISSAMINE,INE725E01024,The Orissa Minerals Development Company Limited
WELINV,INE389K01018,Welspun Investments and Commercials Limited
ADFFOODS,INE982B01019,ADF Foods Limited
HINDCOPPER,INE531E01026,Hindustan Copper Limited
GPPL,INE517F01014,Gujarat Pipavav Port Limited
PRAKASHSTL,INE696K01024,Prakash Steelage Limited
UGARSUGAR,INE071E01023,The Ugar Sugar Works Limited
PDPL,INE904D01019,Parenteral Drugs (India) Limited
BAJAJCON,INE933K01021,Bajaj Consumer Care Limited
IITL,INE886A01014,Industrial Investment Trust Limited
BHARATFIN,INE180K01011,Bharat Financial Inclusion Limited
AHLEAST,INE926K01017,Asian Hotels (East) Limited
AHLWEST,INE915K01010,Asian Hotels (West) Limited
USHERAGRO,INE235G01011,Usher Agro Limited
EMAMIREAL,INE778K01012,Emami Realty Limited
BLISSGVS,INE416D01022,Bliss GVS Pharma Limited
IMFA,INE919H01018,Indian Metals & Ferro Alloys Limited
HMVL,INE871K01015,Hindustan Media Ventures Limited
TECHNOFAB,INE509K01011,Technofab Engineering Limited
TI,INE133E01013,Tilaknagar Industries Limited
UMESLTD,INE240C01028,Usha Martin Education & Solutions Limited
PARABDRUGS,INE618H01016,Parabolic Drugs Limited
KIRLOSIND,INE250A01039,Kirloskar Industries Limited
PIONDIST,INE889E01010,Pioneer Distilleries Limited
RAINBOWPAP,INE028D01025,Rainbow Papers Limited
SUNDARAM,INE108E01023,Sundaram Multi Pap Limited
JPINFRATEC,INE099J01015,Jaypee Infratech Limited
SJVN,INE002L01015,SJVN Limited
KSL,INE907A01026,Kalyani Steels Limited
TARAPUR,INE747K01017,Tarapur Transformers Limited
NITESHEST,INE639K01016,Nitesh Estates Limited
TALWALKARS,INE502K01016,Talwalkars Better Value Fitness Limited
KIRLOSBROS,INE732A01036,Kirloskar Brothers Limited
ISFT,INE566K01011,Intrasoft Technologies Limited
ASIANHOTNR,INE363A01022,Asian Hotels (North) Limited
PERSISTENT,INE262H01013,Persistent Systems Limited
WHIRLPOOL,INE716A01013,Whirlpool of India Limited
PRADIP,INE495J01015,Pradip Overseas Limited
LGBBROSLTD,INE337A01034,LG Balakrishnan & Bros Limited
IL&FSTRANS,INE975G01012,IL&FS Transportation Networks Limited
TRF,INE391D01019,TRF Limited
UNITEDBNK,INE695A01019,United Bank of India
MANINFRA,INE949H01023,Man Infraconstruction Limited
TEXMOPIPES,INE141K01013,Texmo Pipes and Products Limited
KECL,INE134B01017,Kirloskar Electric Company Limited
SMPL,INE215G01021,Splendid Metal Products Limited
DEEPIND,INE677H01012,Deep Industries Limited
ARSSINFRA,INE267I01010,ARSS Infrastructure Projects Limited
ORIENTLTD,INE609C01024,Orient Press Limited
HATHWAY,INE982F01036,Hathway Cable & Datacom Limited
EMMBI,INE753K01015,Emmbi Industries Limited
DBREALTY,INE879I01012,D B Realty Limited
THANGAMAYL,INE085J01014,Thangamayil Jewellery Limited
VASCONEQ,INE893I01013,Vascon Engineers Limited
SYNCOM,INE602K01014,Syncom Healthcare Limited
JUBLFOOD,INE797F01012,Jubilant Foodworks Limited
MBLINFRA,INE912H01013,MBL Infrastructures Limited
BAYERCROP,INE462A01022,Bayer Cropscience Limited
NESTLEIND,INE239A01016,Nestle India Limited
ABBOTINDIA,INE358A01014,Abbott India Limited
DBCORP,INE950I01011,D.B.Corp Limited
GODREJPROP,INE484J01027,Godrej Properties Limited
JSWENERGY,INE121E01018,JSW Energy Limited
DLINKINDIA,INE250K01012,D-Link (India) Limited
AHLUCONT,INE758C01029,Ahluwalia Contracts (India) Limited
ARSHIYA,INE968D01022,Arshiya Limited
GILLANDERS,INE047B01011,Gillanders Arbuthnot & Company Limited
COX&KINGS,INE008I01026,Cox & Kings Limited
SHILPAMED,INE790G01031,Shilpa Medicare Limited
REFEX,INE056I01017,Refex Industries Limited
SARDAEN,INE385C01013,Sarda Energy & Minerals Limited
ASTEC,INE563J01010,Astec LifeSciences Limited
DEN,INE947J01015,Den Networks Limited
SUNTECK,INE805D01034,Sunteck Realty Limited
ZYDUSWELL,INE768C01010,Zydus Wellness Limited
RTNPOWER,INE399K01017,RattanIndia Power Limited
SQSBFSI,INE201K01015,SQS India BFSI Limited
EUROMULTI,INE063J01011,Euro Multivision Limited
RNAVAL,INE542F01012,Reliance Naval and Engineering Limited
OIL,INE274J01014,Oil India Limited
GLOBUSSPR,INE615I01010,Globus Spirits Limited
JINDCOT,INE904J01016,Jindal Cotex Limited
NHPC,INE848E01016,NHPC Limited
ADANIPOWER,INE814H01011,Adani Power Limited
EXCEL,INE688J01015,Excel Realty N Infra Limited
VINATIORGA,INE410B01029,Vinati Organics Limited
GKWLIMITED,INE528A01020,GKW Limited
MHRIL,INE998I01010,Mahindra Holidays & Resorts India Limited
AJMERA,INE298G01027,Ajmera Realty & Infra India Limited
ARROWTEX,INE933J01015,Arrow Textiles Limited
HINDNATGLS,INE952A01022,Hindusthan National Glass & Industries Limited
HARITASEAT,INE939D01015,Harita Seating Systems Limited
MAWANASUG,INE636A01039,Mawana Sugars Limited
FELDVR,IN9623B01058,Future Enterprises Limited
GISOLUTION,INE065J01016,GI Engineering Solutions Limited
COUNCODOS,INE695B01025,Country Condo's Limited
JIKIND,INE026B01049,JIK Industries Limited
ALKALI,INE773I01017,Alkali Metals Limited
TATAMTRDVR,IN9155A01020,Tata Motors Limited
NEULANDLAB,INE794A01010,Neuland Laboratories Limited
JOCIL,INE839G01010,Jocil Limited
INDBANK,INE841B01017,Indbank Merchant Banking Services Limited
20MICRONS,INE144J01027,20 Microns Limited
WABCOINDIA,INE342J01019,WABCO India Limited
NUTEK,INE318J01027,Nu Tek India Limited
SICAGEN,INE176J01011,Sicagen India Limited
LPDC,INE197J01017,Landmark Property Development Company Limited
OISL,INE196J01019,OCL Iron and Steel Limited
KOKUYOCMLN,INE760A01029,Kokuyo Camlin Limited
UBL,INE686F01025,United Breweries Limited
VINYLINDIA,INE250B01029,Vinyl Chemicals (India) Limited
KSK,INE143H01015,KSK Energy Ventures Limited
LOTUSEYE,INE947I01017,Lotus Eye Hospital and Institute Limited
ARCHIDPLY,INE877I01016,Archidply Industries Limited
MVL,INE744I01034,MVL Limited
GET&D,INE200A01026,GE T&D India Limited
METKORE,INE592I01029,Metkore Alloys & Industries Limited
RANEENGINE,INE222J01013,Rane Engine Valve Limited
RBL,INE244J01017,Rane Brake Lining Limited
ALMONDZ,INE326B01027,Almondz Global Securities Limited
RPGLIFE,INE105J01010,RPG Life Sciences Limited
GOKUL,INE020J01029,Gokul Refoils and Solvent Limited
PIRPHYTO,INE122J01015,Piramal Phytocare Limited
SPICEMOBI,INE927C01020,Spice Mobility Limited
BAJAJFINSV,INE918I01018,Bajaj Finserv Limited
BAJAJ-AUTO,INE917I01010,Bajaj Auto Limited
ANIKINDS,INE087B01017,Anik Industries Limited
VIJSHAN,INE806F01011,Vijay Shanthi Builders Limited
KIRIINDUS,INE415I01015,Kiri Industries Limited
TWL,INE615H01020,Titagarh Wagons Limited
DPSCLTD,INE360C01024,DPSC Limited
EIHAHOTELS,INE276C01014,EIH Associated Hotels Limited
NESCO,INE317F01035,Nesco Limited
SITASHREE,INE686I01011,Sita Shree Food Products Limited
GAMMNINFRA,INE181G01025,Gammon Infrastructure Projects Limited
IBVENTURES,INE274G01010,Indiabulls Ventures Limited
BALLARPUR,INE294A01037,Ballarpur Industries Limited
VGUARD,INE951I01027,V-Guard Industries Limited
RECLTD,INE020B01018,REC Limited
NAHARCAP,INE049I01012,Nahar Capital and Financial Services Limited
GSS,INE871H01011,GSS Infotech Limited
NMDC,INE584A01023,NMDC Limited
SHALPAINTS,INE849C01026,Shalimar Paints Limited
RAIN,INE855B01025,Rain Industries Limited
IRB,INE821I01014,IRB Infrastructure Developers Limited
BANG,INE863I01016,Bang Overseas Limited
SHRIRAMEPC,INE964H01014,Shriram EPC Limited
SUJANAUNI,INE216G01011,Sujana Universal Industries Limited
TANTIACONS,INE388G01018,Tantia Constructions Limited
ONMOBILE,INE809I01019,OnMobile Global Limited
HERCULES,INE688E01024,Hercules Hoists Limited
KNRCON,INE634I01029,KNR Constructions Limited
CORDSCABLE,INE792I01017,Cords Cable Industries Limited
JKIL,INE576I01022,J.Kumar Infraprojects Limited
RPOWER,INE614G01033,Reliance Power Limited
BIRLAMONEY,INE865C01022,Aditya Birla Money Limited
CEATLTD,INE482A01020,CEAT Limited
AMBIKCO,INE540G01014,Ambika Cotton Mills Limited
KAVVERITEL,INE641C01019,Kavveri Telecom Products Limited
PPAP,INE095I01015,PPAP Automotive Limited
PATINTLOG,INE529D01014,Patel Integrated Logistics Limited
DVL,INE477B01010,Dhunseri Ventures Limited
ARIES,INE298I01015,Aries Agro Limited
MANAKSIA,INE015D01022,Manaksia Limited
BURNPUR,INE817H01014,Burnpur Cement Limited
BGRENERGY,INE661I01014,BGR Energy Systems Limited
ECLERX,INE738I01010,eClerx Services Limited
BRIGADE,INE791I01019,Brigade Enterprises Limited
TRIL,INE763I01026,Transformers And Rectifiers (India) Limited
HITECHCORP,INE120D01012,Hitech Corporation Limited
KALYANIFRG,INE314G01014,Kalyani Forge Limited
MADHAV,INE925C01016,Madhav Marbles and Granites Limited
JYOTHYLAB,INE668F01031,Jyothy Laboratories Limited
COLPAL,INE259A01022,Colgate Palmolive (India) Limited
KAUSHALYA,INE234I01010,Kaushalya Infrastructure Development Corporation Limited
KOLTEPATIL,INE094I01018,Kolte - Patil Developers Limited
EDELWEISS,INE532F01054,Edelweiss Financial Services Limited
RJL,INE722H01016,Renaissance Jewellery Limited
ADANIPORTS,INE742F01042,Adani Ports and Special Economic Zone Limited
RMCL,INE172H01014,Radha Madhav Corporation Limited
JMCPROJECT,INE890A01024,JMC Projects (India)  Limited
ALKYLAMINE,INE150B01021,Alkyl Amines Chemicals Limited
EDL,INE180G01019,Empee Distilleries Limited
BVCL,INE139I01011,Barak Valley Cements Limited
RELIGARE,INE621H01010,Religare Enterprises Limited
SABTN,INE416A01036,Sri Adhikari Brothers Television Network Limited
ENERGYDEV,INE306C01019,Energy Development Company Limited
BAJAJELEC,INE193E01025,Bajaj Electricals Limited
CERA,INE739E01017,Cera Sanitaryware Limited
DELTACORP,INE124G01033,Delta Corp Limited
IL&FSENGG,INE369I01014,IL&FS Engineering and Construction Company Limited
MAANALU,INE215I01019,Maan Aluminium Limited
MANGCHEFER,INE558B01017,Mangalore Chemicals & Fertilizers Limited
SUPREMEINF,INE550H01011,Supreme Infrastructure India Limited
CCCL,INE429I01024,Consolidated Construction Consortium Limited
POWERGRID,INE752E01010,Power Grid Corporation of India Limited
CENTUM,INE320B01020,Centum Electronics Limited
KSCL,INE455I01029,Kaveri Seed Company Limited
ECEIND,INE588B01014,ECE Industries Limited
MAGNUM,INE387I01016,Magnum Ventures Limited
NAGREEKCAP,INE245I01016,Nagreeka Capital & Infrastructure Limited
INDOWIND,INE227G01018,Indowind Energy Limited
MOTILALOFS,INE338I01027,Motilal Oswal Financial Services Limited
MAHINDCIE,INE536H01010,Mahindra CIE Automotive Limited
PURVA,INE323I01011,Puravankara Limited
SRIPIPES,INE943C01027,Srikalahasthi Pipes Limited
KPRMILL,INE930H01023,K.P.R. Mill Limited
ISMTLTD,INE732F01019,ISMT Limited
TAKE,INE142I01023,Take Solutions Limited
ASIANTILES,INE022I01019,Asian Granito India Limited
CENTRALBK,INE483A01010,Central Bank of India
SELMCL,INE105I01012,SEL Manufacturing Company Limited
VICEROY,INE048C01017,Viceroy Hotels Limited
ELECTHERM,INE822G01016,Electrotherm (India) Limited
OMAXE,INE800H01010,Omaxe Limited
ALPA,INE385I01010,Alpa Laboratories Limited
VIPCLOTHNG,INE450G01024,VIP Clothing Limited
DECCANCE,INE583C01021,Deccan Cements Limited
WSI,INE100D01014,W S Industries (I) Limited
ALCHEM,INE964B01033,Alchemist Limited
ADSL,INE102I01027,Allied Digital Services Limited
HDIL,INE191I01012,Housing Development and Infrastructure Limited
MEGASOFT,INE933B01012,Megasoft Limited
SPARC,INE232I01014,Sun Pharma Advanced Research Company Limited
CELESTIAL,INE221I01017,Celestial Biolabs Limited
TARMAT,INE924H01018,Tarmat Limited
DLF,INE271C01023,DLF Limited
V2RETAIL,INE945H01013,V2 Retail Limited
MEGH,INE974H01013,Meghmani Organics Limited
NELCAST,INE189I01024,Nelcast Limited
ADVANIHOTR,INE199C01026,Advani Hotels & Resorts (India) Limited
HGS,INE170I01016,Hinduja Global Solutions Limited
NAGREEKEXP,INE123B01028,Nagreeka Exports Limited
TIMETECHNO,INE508G01029,Time Technoplast Limited
GOACARBON,INE426D01013,Goa Carbon Limited
NITINFIRE,INE489H01020,Nitin Fire Protection Industries Limited
GUJAPOLLO,INE826C01016,Gujarat Apollo Industries Limited
NAVINFLUOR,INE048G01026,Navin Fluorine International Limited
KMSUGAR,INE157H01023,K.M.Sugar Mills Limited
MIC,INE287C01029,MIC Electronics Limited
MCDHOLDING,INE836H01014,McDowell Holdings Limited
INSECTICID,INE070I01018,Insecticides (India) Limited
HILTON,INE788H01017,Hilton Metal Forging Limited
SGFL,INE883G01018,Shree Ganesh Forgings Limited
TGBHOTELS,INE797H01018,TGB Banquets And Hotels Limited
WEBELSOLAR,INE855C01015,Websol Energy System Limited
ALPHAGEO,INE137C01018,Alphageo (India) Limited
FORTIS,INE061F01013,Fortis Healthcare Limited
SRHHYPOLTD,INE917H01012,Sree Rayalaseema Hi-Strength Hypo Limited
KGL,INE299C01024,Karuturi Global Limited
GLOBOFFS,INE446C01013,Global Offshore Services Limited
BFUTILITIE,INE243D01012,BF Utilities Limited
ZENITHBIR,INE318D01020,Zenith Birla (India) Limited
AROGRANITE,INE210C01013,Aro Granite Industries Limited
HINDUJAVEN,INE353A01023,Hinduja Ventures Limited
PHOENIXLTD,INE211B01039,The Phoenix Mills Limited
DISHTV,INE836F01026,Dish TV India Limited
ICRA,INE725G01011,ICRA Limited
BANSWRAS,INE629D01012,Banswara Syntex Limited
BALAMINES,INE050E01027,Balaji Amines Limited
NCLIND,INE732C01016,NCL Industries Limited
GARFIBRES,INE276A01018,Garware Technical Fibres Limited
JMTAUTOLTD,INE988E01036,JMT Auto Limited
THEMISMED,INE083B01016,Themis Medicare Limited
NAHARSPING,INE290A01027,Nahar Spinning Mills Limited
NAHARPOLY,INE308A01027,Nahar Poly Films Limited
IBREALEST,INE069I01010,Indiabulls Real Estate Limited
ASTRAL,INE006I01046,Astral Poly Technik Limited
AMDIND,INE005I01014,AMD Industries Limited
JKTYRE,INE573A01042,JK Tyre & Industries Limited
PAGEIND,INE761H01022,Page Industries Limited
LAOPALA,INE059D01020,La Opala RG Limited
RAJTV,INE952H01027,Raj Television Network Limited
ELAND,INE311H01018,E-Land Apparel Limited
EUROCERA,INE649H01011,Euro Ceramics Limited
IDEA,INE669E01016,Vodafone Idea Limited
PUNJABCHEM,INE277B01014,Punjab Chemicals & Crop Protection Limited
UNIPLY,INE950G01023,Uniply Industries Limited
MINDTREE,INE018I01017,MindTree Limited
ORIENTALTL,INE998H01012,Oriental Trimex Limited
GANESHHOUC,INE460C01014,Ganesh Housing Corporation Limited
HSCL,INE019C01026,Himadri Speciality Chemical Limited
INDIANB,INE562A01011,Indian Bank
SMSPHARMA,INE812G01025,SMS Pharmaceuticals Limited
TFL,INE804H01012,Transwarranty Finance Limited
CANDC,INE874H01015,C & C Constructions Limited
PFC,INE134E01011,Power Finance Corporation Limited
TTL,INE592B01016,T T Limited
FSL,INE684F01012,Firstsource Solutions Limited
PGIL,INE940H01014,Pearl Global Industries Limited
REDINGTON,INE891D01026,Redington (India) Limited
ORIENTBELL,INE607D01018,Orient Bell Limited
TVSSRICHAK,INE421C01016,TVS Srichakra Limited
TIIL,INE545H01011,Technocraft Industries (India) Limited
ANGIND,INE017D01010,ANG Industries Limited
TV18BRDCST,INE886H01027,TV18 Broadcast Limited
CTE,INE627H01017,Cambridge Technology Enterprises Limited
HUBTOWN,INE703H01016,Hubtown Limited
TIMKEN,INE325A01013,Timken India Limited
IZMO,INE848A01014,IZMO Limited
NETWORK18,INE870H01013,Network18 Media & Investments Limited
MINDAIND,INE405E01023,Minda Industries Limited
PITTIENG,INE450D01021,Pitti Engineering Limited
AUTOIND,INE718H01014,Autoline Industries Limited
GANDHITUBE,INE524B01027,Gandhi Special Tubes Limited
SIYSIL,INE076B01028,Siyaram Silk Mills Limited
SAGCEM,INE229C01013,Sagar Cements Limited
PTL,INE034D01031,PTL Enterprises Limited
IGPL,INE204A01010,IG Petrochemicals Limited
WANBURY,INE107F01022,Wanbury Limited
SANGHVIMOV,INE989A01024,Sanghvi Movers Limited
SARLAPOLY,INE453D01025,Sarla Performance Fibers Limited
LUMAXTECH,INE872H01027,Lumax Auto Technologies Limited
TIDEWATER,INE484C01022,Tide Water Oil Company (India) Limited
SITINET,INE965H01011,Siti Networks Limited
AVTNPL,INE488D01021,AVT Natural Products Limited
ZEEMEDIA,INE966H01019,Zee Media Corporation Limited
TANLA,INE483C01032,Tanla Solutions Limited
HBLPOWER,INE292B01021,HBL Power Systems Limited
PARACABLES,INE074B01023,Paramount Communications Limited
PRAENG,INE505C01016,Prajay Engineers Syndicate Limited
KESARENT,INE133B01019,Kesar Enterprises Limited
NFL,INE870D01012,National Fertilizers Limited
PLASTIBLEN,INE083C01022,Plastiblends India Limited
ESSDEE,INE825H01017,Ess Dee Aluminium Limited
XLENERGY,INE183H01011,XL Energy Limited
SATHAISPAT,INE176C01016,Sathavahana Ispat Limited
CREST,INE559D01011,Crest Ventures Limited
HIRECT,INE835D01023,Hind Rectifiers Limited
ARIHANT,INE413D01011,Arihant Foundations & Housing Limited
JINDRILL,INE742C01031,Jindal Drilling And Industries Limited
BANCOINDIA,INE213C01025,Banco Products (I) Limited
MMFL,INE227C01017,MM Forgings Limited
VENUSREM,INE411B01019,Venus Remedies Limited
SPENTEX,INE376C01020,Spentex Industries Limited
SOBHA,INE671H01015,Sobha Limited
RUCHIRA,INE803H01014,Ruchira Papers Limited
DONEAR,INE668D01028,Donear Industries Limited
DAAWAT,INE818H01020,LT Foods Limited
SUTLEJTEX,INE645H01027,Sutlej Textiles and Industries Limited
MANALIPETC,INE201A01024,Manali Petrochemicals Limited
PARSVNATH,INE561H01026,Parsvnath Developers Limited
TORNTPOWER,INE813H01021,Torrent Power Limited
GESHIP,INE017A01032,The Great Eastern Shipping Company Limited
BBL,INE464A01028,Bharat Bijlee Limited
NAUKRI,INE663F01024,Info Edge (India) Limited
SHIVAMAUTO,INE637H01024,Shivam Autotech Limited
AARVEEDEN,INE273D01019,Aarvee Denims & Exports Limited
HINDZINC,INE267A01025,Hindustan Zinc Limited
GTLINFRA,INE221H01019,GTL Infrastructure Limited
SHYAMTEL,INE635A01023,Shyam Telecom Limited
INSPIRISYS,INE020G01017,Inspirisys Solutions Limited
GLOBALVECT,INE792H01019,Global Vectra Helicorp Limited
DCBBANK,INE503A01015,DCB Bank Limited
JHS,INE544H01014,JHS Svendgaard Laboratories Limited
FIEMIND,INE737H01014,Fiem Industries Limited
GATI,INE152B01027,GATI Limited
JMFINANCIL,INE780C01023,JM Financial Limited
MBECL,INE748A01016,Mcnally Bharat Engineering Company Limited
DOLPHINOFF,INE920A01011,Dolphin Offshore Enterprises (India) Limited
ANSALHSG,INE880B01015,Ansal Housing Limited
MADHUCON,INE378D01032,Madhucon Projects Limited
KSERASERA,INE216D01026,KSS Limited
GEECEE,INE916G01016,GeeCee Ventures Limited
TALBROAUTO,INE187D01011,Talbros Automotive Components Limited
ASSAMCO,INE442A01024,Assam Company India Limited
ELECON,INE205B01023,Elecon Engineering Company Limited
ALICON,INE062D01024,Alicon Castalloy Limited
ANANTRAJ,INE242C01024,Anant Raj Limited
HOVS,INE596H01014,HOV Services Limited
BINANIIND,INE071A01013,Binani Industries Limited
ACE,INE731H01025,Action Construction Equipment Limited
SELAN,INE818A01017,Selan Exploration Technology Limited
ATLANTA,INE285H01022,Atlanta  Limited
VOLTAMP,INE540H01012,Voltamp Transformers Limited
RAMANEWS,INE278B01020,Shree Rama Newsprint Limited
DYNAMATECH,INE221B01012,Dynamatic Technologies Limited
MANUGRAPH,INE867A01022,Manugraph India Limited
GRINDWELL,INE536A01023,Grindwell Norton Limited
TECHM,INE669C01036,Tech Mahindra Limited
GMRINFRA,INE776C01039,GMR Infrastructure Limited
WENDT,INE274C01019,Wendt (India) Limited
EMAMILTD,INE548C01032,Emami Limited
MUNJALAU,INE672B01032,Munjal Auto Industries Limited
ALLCARGO,INE418H01029,Allcargo Logistics Limited
PFOCUS,INE367G01038,Prime Focus Limited
JKLAKSHMI,INE786A01032,JK Lakshmi Cement Limited
GTNTEX,INE302H01017,GTN Textiles Limited
PIONEEREMB,INE156C01018,Pioneer Embroideries Limited
RATNAMANI,INE703B01027,Ratnamani Metals & Tubes Limited
KAMDHENU,INE390H01012,Kamdhenu Limited
SWELECTES,INE409B01013,Swelect Energy Systems Limited
BALPHARMA,INE083D01012,Bal Pharma Limited
LOKESHMACH,INE397H01017,Lokesh Machines Limited
EMKAY,INE296H01011,Emkay Global Financial Services Limited
RSYSTEMS,INE411H01032,R Systems International Limited
GPIL,INE177H01013,Godawari Power And Ispat limited
SUNTV,INE424H01027,Sun TV Network Limited
ZICOM,INE871B01014,Zicom Electronic Security Systems Limited
ROHITFERRO,INE248H01012,Rohit Ferro-Tech Limited
KKCL,INE401H01017,Kewal Kiran Clothing Limited
SGL,INE353H01010,STL Global Limited
UTTAMSUGAR,INE786F01031,Uttam Sugar Mills Limited
MALUPAPER,INE383H01017,Malu Paper Mills Limited
ADHUNIK,INE400H01019,Adhunik Metaliks Limited
GALLANTT,INE297H01019,Gallantt Metal Limited
SOLARINDS,INE343H01029,Solar Industries India Limited
VAKRANGEE,INE051B01021,Vakrangee Limited
SANWARIA,INE890C01046,Sanwaria Consumer Limited
KEI,INE878B01027,KEI Industries Limited
CENTURYPLY,INE348B01021,Century Plyboards (India) Limited
NITCO,INE858F01012,Nitco Limited
BLKASHYAP,INE350H01032,B. L. Kashyap and Sons Limited
M&MFIN,INE774D01024,Mahindra & Mahindra Financial Services Limited
VISASTEEL,INE286H01012,Visa Steel Limited
INDOTECH,INE332H01014,Indo Tech Transformers Limited
JKCEMENT,INE823G01014,JK Cement Limited
KEC,INE389H01022,KEC International Limited
SAKUMA,INE190H01024,Sakuma Exports Limited
RCOM,INE330H01018,Reliance Communications Limited
SUNILHITEC,INE305H01028,Sunil Hitech Engineers Limited
SADBHAV,INE226H01026,Sadbhav Engineering Limited
GVKPIL,INE251H01024,GVK Power & Infrastructure Limited
INOXLEISUR,INE312H01016,INOX Leisure Limited
JAGRAN,INE199G01027,Jagran Prakashan Limited
GSPL,INE246F01010,Gujarat State Petronet Limited
ENIL,INE265F01028,Entertainment Network (India) Limited
ROHLTD,INE283H01019,Royal Orchid Hotels Limited
NITINSPIN,INE229H01012,Nitin Spinners Limited
STERTOOLS,INE334A01023,Sterling Tools Limited
TINPLATE,INE422C01014,The Tinplate Company of India Limited
BALKRISIND,INE787D01026,Balkrishna Industries Limited
ANSALAPI,INE436A01026,Ansal Properties & Infrastructure Limited
CELEBRITY,INE185H01016,Celebrity Fashions Limited
BARTRONICS,INE855F01034,Bartronics India Limited
PUNJLLOYD,INE701B01021,Punj Lloyd Limited
PVR,INE191H01014,PVR Limited
REPRO,INE461B01014,Repro India Limited
KERNEX,INE202H01019,Kernex Microsystems (India) Limited
NAHARINDUS,INE289A01011,Nahar Industrial Enterprises Limited
EMCO,INE078A01026,Emco Limited
EKC,INE184H01027,Everest Kanto Cylinder Limited
ORIENTABRA,INE569C01020,Orient Abrasives Limited
VIMTALABS,INE579C01029,Vimta Labs Limited
AIAENG,INE212H01026,AIA Engineering Limited
TRIVENI,INE256C01024,Triveni Engineering & Industries Limited
SORILINFRA,INE034H01016,SORIL Infra Resources Limited
BRFL,INE589G01011,Bombay Rayon Fashions Limited
PBAINFRA,INE160H01019,PBA Infrastructure Limited
BASML,INE186H01014,Bannari Amman Spinning Mills Limited
RENUKA,INE087H01022,Shree Renuka Sugars Limited
AURIONPRO,INE132H01018,Aurionpro Solutions Limited
SUZLON,INE040H01021,Suzlon Energy Limited
IMPAL,INE547E01014,India Motor Parts and Accessories Limited
SUNFLAG,INE947A01014,Sunflag Iron And Steel Company Limited
FCSSOFT,INE512B01022,FCS Software Solutions Limited
RAJVIR,INE011H01014,Rajvir Industries Limited
ICIL,INE483B01026,Indo Count Industries Limited
SASKEN,INE231F01020,Sasken Technologies Limited
HTMEDIA,INE501G01024,HT Media Limited
RML,INE050H01012,Rane (Madras) Limited
GOLDIAM,INE025B01017,Goldiam International Limited
PRECOT,INE283A01014,Precot Meridian Limited
VIVIMEDLAB,INE526G01021,Vivimed Labs Limited
IDFC,INE043D01016,IDFC Limited
REVATHI,INE617A01013,Revathi Equipment Limited
MCLEODRUSS,INE942G01012,Mcleod Russel India Limited
SPLIL,INE978G01016,SPL Industries Limited
NECLIFE,INE023H01027,Nectar Lifesciences Limited
MSPL,INE752G01015,MSP Steel & Power Limited
SUBROS,INE287B01021,Subros Limited
YESBANK,INE528G01027,Yes Bank Limited
GENUSPOWER,INE955D01029,Genus Power Infrastructures Limited
GEOJITFSL,INE007B01023,Geojit Financial Services Limited
INDIAGLYCO,INE560A01015,India Glycols Limited
VHL,INE701A01023,Vardhman Holdings Limited
CASTEXTECH,INE068D01021,Castex Technologies Limited
MANINDS,INE993A01026,Man Industries (India) Limited
JSWHL,INE824G01012,JSW Holdings Limited
MERCATOR,INE934B01028,Mercator Limited
GRANULES,INE101D01020,Granules India Limited
63MOONS,INE111B01023,63 moons technologies limited
PRIMESECU,INE032B01021,Prime Securities Limited
JKPAPER,INE789E01012,JK Paper Limited
SHAHALLOYS,INE640C01011,Shah Alloys Limited
SURYALAXMI,INE713B01026,Suryalakshmi Cotton Mills Limited
CYBERMEDIA,INE278G01037,Cyber Media (India) Limited
SSWL,INE802C01017,Steel Strips Wheels Limited
WELCORP,INE191B01025,Welspun Corp Limited
SHOPERSTOP,INE498B01024,Shoppers Stop Limited
MANGALAM,INE584F01014,Mangalam Drugs And Organics Limited
IIFL,INE530B01024,IIFL Holdings Limited
SAKSOFT,INE667G01015,Saksoft Limited
ALLSEC,INE835G01018,Allsec Technologies Limited
GOKEX,INE887G01027,Gokaldas Exports Limited
EVEREADY,INE128A01029,Eveready Industries India Limited
3IINFOTECH,INE748C01020,3i Infotech Limited
GABRIEL,INE524A01029,Gabriel India Limited
JPPOWER,INE351F01018,Jaiprakash Power Ventures Limited
JINDALPHOT,INE796G01012,Jindal Photo Limited
SHRIRAMCIT,INE722A01011,Shriram City Union Finance Limited
GDL,INE852F01015,Gateway Distriparks Limited
CONSOFINVT,INE025A01027,Consolidated Finvest & Holdings Limited
JSWSTEEL,INE019A01038,JSW Steel Limited
BEPL,INE922A01025,Bhansali Engineering Polymers Limited
JETAIRWAYS,INE802G01018,Jet Airways (India) Limited
XCHANGING,INE692G01013,Xchanging Solutions Limited
VIPIND,INE054A01027,VIP Industries Limited
RANASUG,INE625B01014,Rana Sugars Limited
PATELENG,INE244B01030,Patel Engineering Limited
SUPRAJIT,INE399C01030,Suprajit Engineering Limited
IMPEXFERRO,INE691G01015,Impex Ferro Tech Limited
INDOCO,INE873D01024,Indoco Remedies Limited
MRPL,INE103A01014,Mangalore Refinery and Petrochemicals Limited
PRESSMN,INE980A01023,Pressman Advertising Limited
DWARKESH,INE366A01041,Dwarikesh Sugar Industries Limited
JBMA,INE927D01028,JBM Auto Limited
KOTARISUG,INE419A01022,Kothari Sugars And Chemicals Limited
SALSTEEL,INE658G01014,S.A.L. Steel Limited
NTPC,INE733E01010,NTPC Limited
WELENT,INE625G01013,Welspun Enterprises Limited
ASTRAMICRO,INE386C01029,Astra Microwave Products Limited
GUFICBIO,INE742B01025,Gufic Biosciences Limited
INDSWFTLTD,INE788B01028,Ind-Swift Limited
PAPERPROD,INE275B01026,Huhtamaki PPL Limited
GULFPETRO,INE586G01017,GP Petroleums Limited
TITAN,INE280A01028,Titan Company Limited
GRUH,INE580B01029,Gruh Finance Limited
TEXINFRA,INE435C01024,Texmaco Infrastructure & Holdings Limited
GREAVESCOT,INE224A01026,Greaves Cotton Limited
EICHERMOT,INE066A01013,Eicher Motors Limited
NIITTECH,INE591G01017,NIIT Technologies Limited
TCS,INE467B01029,Tata Consultancy Services Limited
MAHSEAMLES,INE271B01025,Maharashtra Seamless Limited
ULTRACEMCO,INE481G01011,UltraTech Cement Limited
NIITLTD,INE161A01038,NIIT Limited
3MINDIA,INE470A01017,3M India Limited
CENTEXT,INE281A01026,Century Extrusions Limited
APARINDS,INE372A01015,Apar Industries Limited
SUPERSPIN,INE662A01027,Super Spinning Mills Limited
PGHH,INE179A01014,Procter & Gamble Hygiene and Health Care Limited
LT,INE018A01030,Larsen & Toubro Limited
EXCELINDUS,INE369A01029,Excel Industries Limited
EXCELCROP,INE223G01017,Excel Crop Care Limited
JPASSOCIAT,INE455F01025,Jaiprakash Associates Limited
TRENT,INE849A01020,Trent Limited
CCL,INE421D01022,CCL Products (India) Limited
MPHASIS,INE356A01018,MphasiS Limited
KAJARIACER,INE217B01036,Kajaria Ceramics Limited
MURUDCERA,INE692B01014,Murudeshwar Ceramics Limited
MIRCELECTR,INE831A01028,MIRC Electronics Limited
NDTV,INE155G01029,New Delhi Television Limited
IPAPPM,INE435A01028,International Paper APPM Limited
DATAMATICS,INE365B01017,Datamatics Global Services Limited
RKFORGE,INE399G01015,Ramkrishna Forgings Limited
XPROINDIA,INE445C01015,Xpro India Limited
MAGMA,INE511C01022,Magma Fincorp Limited
MAHABANK,INE457A01014,Bank of Maharashtra
BIOCON,INE376G01013,Biocon Limited
PTC,INE877F01012,PTC India Limited
VAIBHAVGBL,INE884A01019,Vaibhav Global Limited
DHANBANK,INE680A01011,Dhanlaxmi Bank Limited
PETRONET,INE347G01014,Petronet LNG Limited
SIMPLEXINF,INE059B01024,Simplex Infrastructures Limited
JBFIND,INE187A01017,JBF Industries Limited
MUKANDLTD,INE304A01026,Mukand Limited
SIL,INE173A01025,Standard Industries Limited
UNIENTER,INE037A01022,Uniphos Enterprises Limited
UPL,INE628A01036,UPL Limited
TVTODAY,INE038F01029,TV Today Network Limited
DREDGECORP,INE506A01018,Dredging Corporation of India Limited
JTEKTINDIA,INE643A01035,Jtekt India Limited
IGL,INE203G01027,Indraprastha Gas Limited
TVSELECT,INE236G01019,TVS Electronics Limited
JAIBALAJI,INE091G01018,Jai Balaji Industries Limited
WELSPUNIND,INE192B01031,Welspun India Limited
TATASTLBSL,INE824B01021,Tata Steel Bsl Limited
NSIL,INE023A01030,Nalwa Sons Investments Limited
JSL,INE220G01021,Jindal Stainless Limited
BHEL,INE257A01026,Bharat Heavy Electricals Limited
BEML,INE258A01016,BEML Limited
SUVEN,INE495B01038,Suven Life Sciences Limited
BAGFILMS,INE116D01028,B.A.G Films and Media Limited
NCC,INE868B01028,NCC Limited
IGARASHI,INE188B01013,Igarashi Motors India Limited
UCOBANK,INE691A01018,UCO Bank
VARDHACRLC,INE116G01013,Vardhman Acrylics Limited
HINDOILEXP,INE345A01011,Hindustan Oil Exploration Company Limited
AARTIDRUGS,INE767A01016,Aarti Drugs Limited
TATAELXSI,INE670A01012,Tata Elxsi Limited
KANSAINER,INE531A01024,Kansai Nerolac Paints Limited
ITI,INE248A01017,ITI Limited
AMARAJABAT,INE885A01032,Amara Raja Batteries Limited
SUBEX,INE754A01014,Subex Limited
VSTIND,INE710A01016,VST Industries Limited
SMLISUZU,INE294B01019,SML Isuzu Limited
OPTOCIRCUI,INE808B01016,Opto Circuits (India) Limited
PRSMJOHNSN,INE010A01011,Prism Johnson Limited
SRF,INE647A01010,SRF Limited
GHCL,INE539A01019,GHCL Limited
GILLETTE,INE322A01010,Gillette India Limited
VENKEYS,INE398A01010,Venky's (India) Limited
AGCNET,INE676A01019,AGC Networks Limited
HONAUT,INE671A01010,Honeywell Automation India Limited
ZENSARTECH,INE520A01027,Zensar Technologies Limited
MARUTI,INE585B01010,Maruti Suzuki India Limited
CENTURYTEX,INE055A01016,Century Textiles & Industries Limited
ELECTCAST,INE086A01029,Electrosteel Castings Limited
INDORAMA,INE156A01020,Indo Rama Synthetics (India) Limited
RADICO,INE944F01028,Radico Khaitan Limited
BATAINDIA,INE176A01028,Bata India Limited
EXIDEIND,INE302A01020,Exide Industries Limited
GSKCONS,INE264A01014,GlaxoSmithKline Consumer Healthcare Limited
JUBILANT,INE700A01033,Jubilant Life Sciences Limited
DRREDDY,INE089A01023,Dr. Reddy's Laboratories Limited
PSL,INE474B01017,PSL Limited
AUTOAXLES,INE449A01011,Automotive Axles Limited
NELCO,INE045B01015,NELCO Limited
BANARISUG,INE459A01010,Bannari Amman Sugars Limited
TATAMETALI,INE056C01010,Tata Metaliks Limited
SANOFI,INE058A01010,Sanofi India Limited
TIRUMALCHM,INE338A01024,Thirumalai Chemicals Limited
BOSCHLTD,INE323A01026,Bosch Limited
MUNJALSHOW,INE577A01027,Munjal Showa Limited
RICOAUTO,INE209B01025,Rico Auto Industries Limited
VARDMNPOLY,INE835A01011,Vardhman Polytex Limited
FOSECOIND,INE519A01011,Foseco India Limited
JBCHEPHARM,INE572A01028,JB Chemicals & Pharmaceuticals Limited
JINDALSAW,INE324A01024,Jindal Saw Limited
HEROMOTOCO,INE158A01026,Hero MotoCorp Limited
POLYPLEX,INE633B01018,Polyplex Corporation Limited
BHARATFORG,INE465A01025,Bharat Forge Limited
BAJFINANCE,INE296A01024,Bajaj Finance Limited
STCINDIA,INE655A01013,The State Trading Corporation of India Limited
HCC,INE549A01026,Hindustan Construction Company Limited
HONDAPOWER,INE634A01018,Honda Siel Power Products Limited
GARDENSILK,INE526A01016,Garden Silk Mills Limited
DIVISLAB,INE361B01024,Divi's Laboratories Limited
RADAAN,INE874F01027,Radaan Mediaworks India Limited
GODREJIND,INE233A01035,Godrej Industries Limited
TATASPONGE,INE674A01014,Tata Sponge Iron Limited
OMAXAUTO,INE090B01011,Omax Autos Limited
GRAPHITE,INE371A01025,Graphite India Limited
TNTELE,INE141D01018,Tamilnadu Telecommunication Limited
GENESYS,INE727B01026,Genesys International Corporation Limited
DEEPAKFERT,INE501A01019,Deepak Fertilizers and Petrochemicals Corporation Limited
VTL,INE825A01012,Vardhman Textiles Limited
RUCHISOYA,INE619A01027,Ruchi Soya Industries Limited
CANBK,INE476A01014,Canara Bank
NUCLEUS,INE096B01018,Nucleus Software Exports Limited
BLUEDART,INE233B01017,Blue Dart Express Limited
NOIDATOLL,INE781B01015,Noida Toll Bridge Company Limited
ATFL,INE209A01019,Agro Tech Foods Limited
ALBK,INE428A01015,Allahabad Bank
SANDESH,INE583B01015,The Sandesh Limited
TORNTPHARM,INE685A01028,Torrent Pharmaceuticals Limited
VESUVIUS,INE386A01015,Vesuvius India Limited
DHFL,INE202B01012,Dewan Housing Finance Corporation Limited
APTECHT,INE266F01018,Aptech Limited
NATNLSTEEL,INE088B01015,National Steel And Agro Industries Limited
UNIONBANK,INE692A01016,Union Bank of India
OFSS,INE881D01027,Oracle Financial Services Software Limited
HEXAWARE,INE093A01033,Hexaware Technologies Limited
TIMESGTY,INE289C01025,Times Guaranty Limited
SURANAT&P,INE130B01031,Surana Telecom and Power Limited
PNB,INE160A01022,Punjab National Bank
PONNIERODE,INE838E01017,Ponni Sugars (Erode) Limited
OLECTRA,INE260D01016,Olectra Greentech Limited
ASAL,INE900C01027,Automotive Stampings and Assemblies Limited
BHARTIARTL,INE397D01024,Bharti Airtel Limited
ESSELPACK,INE255A01020,Essel Propack Limited
MPSLTD,INE943D01017,MPS Limited
MARKSANS,INE750C01026,Marksans Pharma Limited
KRBL,INE001B01026,KRBL Limited
JINDALPOLY,INE197D01010,Jindal Poly Films Limited
HITECHGEAR,INE127B01011,The Hi-Tech Gears Limited
TCI,INE688A01022,Transport Corporation of India Limited
FEL,INE623B01027,Future Enterprises Limited
MCDOWELL-N,INE854D01024,United Spirits Limited
LUPIN,INE326A01037,Lupin Limited
JISLJALEQS,INE175A01038,Jain Irrigation Systems Limited
AKZOINDIA,INE133A01011,Akzo Nobel India Limited
GODREJCP,INE102D01028,Godrej Consumer Products Limited
ASTRAZEN,INE203A01020,AstraZeneca Pharma India Limited
SMARTLINK,INE178C01020,Smartlink Holdings Limited
GOLDTECH,INE805A01014,Goldstone Technologies Limited
ANDHRABANK,INE434A01013,Andhra Bank
NEXTMEDIA,INE747B01016,Next Mediaworks Limited
SHIRPUR-G,INE196B01016,Shirpur Gold Refinery Limited
HAVELLS,INE176B01034,Havells India Limited
ONWARDTEC,INE229A01017,Onward Technologies Limited
TRIDENT,INE064C01014,Trident Limited
HIKAL,INE475B01022,Hikal Limited
KHANDSE,INE060B01014,Khandwala Securities Limited
BSELINFRA,INE395A01016,BSEL Infrastructure Realty Limited
UNICHEMLAB,INE351A01035,Unichem Laboratories Limited
WSTCSTPAPR,INE976A01021,West Coast Paper Mills Limited
VIJAYABANK,INE705A01016,Vijaya Bank
AXISCADES,INE555B01013,AXISCADES Engineering Technologies Limited
QUINTEGRA,INE033B01011,Quintegra Solutions Limited
TAJGVK,INE586B01026,Taj GVK Hotels & Resorts Limited
CREATIVEYE,INE230B01021,Creative Eye Limited
KALPATPOWR,INE220B01022,Kalpataru Power Transmission Limited
GLAXO,INE159A01016,GlaxoSmithKline Pharmaceuticals Limited
PNC,INE392B01011,Pritish Nandy Communications Limited
STRTECH,INE089C01029,Sterlite Technologies Limited
IOB,INE565A01014,Indian Overseas Bank
SCHAEFFLER,INE513A01014,Schaeffler India Limited
BALAJITELE,INE794B01026,Balaji Telefilms Limited
TIPSINDLTD,INE716B01011,TIPS Industries Limited
MRO-TEK,INE398B01018,MRO-TEK Realty Limited
TTML,INE517B01013,Tata Teleservices (Maharashtra) Limited
USHAMART,INE228A01035,Usha Martin Limited
GAEL,INE036B01022,Gujarat Ambuja Exports Limited
PNBGILTS,INE859A01011,PNB Gilts Limited
MUKTAARTS,INE374B01019,Mukta Arts Limited
NLCINDIA,INE589A01014,NLC India Limited
AKSHOPTFBR,INE523B01011,Aksh Optifibre Limited
TVSMOTOR,INE494B01023,TVS Motor Company Limited
KARURVYSYA,INE036D01028,Karur Vysya Bank Limited
TFCILTD,INE305A01015,Tourism Finance Corporation of India Limited
BEL,INE263A01024,Bharat Electronics Limited
AUROPHARMA,INE406A01037,Aurobindo Pharma Limited
KHAITANELE,INE761A01019,Khaitan Electricals Limited
CALSOFT,INE526B01014,California Software Company Limited
MUKANDENGG,INE022B01014,Mukand Engineers Limited
LAKSHVILAS,INE694C01018,Lakshmi Vilas Bank Limited
BLUESTARCO,INE472A01039,Blue Star Limited
CHENNPETRO,INE178A01016,Chennai Petroleum Corporation Limited
THOMASCOOK,INE332A01027,Thomas Cook  (India)  Limited
SUNDRMFAST,INE387A01021,Sundram Fasteners Limited
HSIL,INE415A01038,HSIL Limited
INDIACEM,INE383A01012,The India Cements Limited
BLBLIMITED,INE791A01024,BLB Limited
CURATECH,INE117B01012,Cura Technologies Limited
AJANTPHARM,INE031B01049,Ajanta Pharma Limited
MFSL,INE180A01020,Max Financial Services Limited
MAHLIFE,INE813A01018,Mahindra Lifespace Developers Limited
KTKBANK,INE614B01018,The Karnataka Bank Limited
CINEVISTA,INE039B01026,Cinevista Limited
GEPIL,INE878A01011,GE Power India Limited
CADILAHC,INE010B01027,Cadila Healthcare Limited
RAMCOSYS,INE246B01019,Ramco Systems Limited
BIL,INE828A01016,Bhartiya International Limited
WHEELS,INE715A01015,Wheels India Limited
SHREERAMA,INE879A01019,Shree Rama Multi-Tech Limited
IVRCLINFRA,INE875A01025,IVRCL Limited
NRBBEARING,INE349A01021,NRB Bearing Limited
MELSTAR,INE817A01019,Melstar Information Technologies Limited
JAGSNPHARM,INE048B01027,Jagsonpal Pharmaceuticals Limited
WOCKPHARMA,INE049B01025,Wockhardt Limited
HAVISHA,INE293B01029,Sri Havisha Hospitality and Infrastructure Limited
BLUECOAST,INE472B01011,Blue Coast Hotels Limited
TATACOFFEE,INE493A01027,Tata Coffee Limited
RAJESHEXPO,INE343B01030,Rajesh Exports Limited
GLENMARK,INE935A01035,Glenmark Pharmaceuticals Limited
STAR,INE939A01011,Strides Pharma Science Limited
MONSANTO,INE274B01011,Monsanto India Limited
VISESHINFO,INE861A01058,Visesh Infotecnics Limited
HCLTECH,INE860A01027,HCL Technologies Limited
JCHAC,INE782A01015,Johnson Controls ﾖ Hitachi Air Conditioning India Limited
JINDALSTEL,INE749A01030,Jindal Steel & Power Limited
TTKPRESTIG,INE690A01010,TTK Prestige Limited
SYNDIBANK,INE667A01018,Syndicate Bank
ACCELYA,INE793A01012,Accelya Kale Solutions Limited
KPIT,INE836A01035,KPIT Technologies Limited
BERGEPAINT,INE463A01038,Berger Paints (I) Limited
MOREPENLAB,INE083A01026,Morepen Laboratories Limited
TNPETRO,INE148A01019,Tamilnadu PetroProducts Limited
KOHINOOR,INE080B01012,Kohinoor Foods Limited
SUPPETRO,INE663A01017,Supreme Petrochem Limited
NIPPOBATRY,INE567A01010,Indo-National Limited
ALEMBICLTD,INE426A01027,Alembic Limited
IVC,INE050B01023,IL&FS Investment Managers Limited
UNITECH,INE694A01020,Unitech Limited
SONATSOFTW,INE269A01021,Sonata Software Limited
LINDEINDIA,INE473A01011,Linde India Limited
KOPRAN,INE082A01010,Kopran Limited
RSSOFTWARE,INE165B01029,R. S. Software (India) Limited
MIRZAINT,INE771A01026,Mirza International Limited
NATIONALUM,INE139A01034,National Aluminium Company Limited
DABUR,INE016A01026,Dabur India Limited
SICAL,INE075B01012,Sical Logistics Limited
PFIZER,INE182A01018,Pfizer Limited
INGERRAND,INE177A01018,Ingersoll Rand (India) Limited
RALLIS,INE613A01020,Rallis India Limited
TATACHEM,INE092A01019,Tata Chemicals Limited
MTNL,INE153A01019,Mahanagar Telephone Nigam Limited
ITDCEM,INE686A01026,ITD Cementation India Limited
SKFINDIA,INE640A01023,SKF India Limited
CYBERTECH,INE214A01019,Cybertech Systems And Software Limited
SOUTHBANK,INE683A01023,The South Indian Bank Limited
TATAGLOBAL,INE192A01025,Tata Global Beverages Limited
TATASTEEL,INE081A01012,Tata Steel Limited
AXISBANK,INE238A01034,Axis Bank Limited
SINTEX,INE429C01035,Sintex Industries Limited
BRITANNIA,INE216A01030,Britannia Industries Limited
CYIENT,INE136B01020,Cyient Limited
ZEEL,INE256A01028,Zee Entertainment Enterprises Limited
ARCHIES,INE731A01020,Archies Limited
ORIENTHOT,INE750A01020,Oriental Hotels Limited
CUB,INE491A01021,City Union Bank Limited
LICHSGFIN,INE115A01026,LIC Housing Finance Limited
TATAMOTORS,INE155A01022,Tata Motors Limited
J&KBANK,INE168A01041,The Jammu & Kashmir Bank Limited
TATAINVEST,INE672A01018,Tata Investment Corporation Limited
HINDPETRO,INE094A01015,Hindustan Petroleum Corporation Limited
KOTHARIPRO,INE823A01017,Kothari Products Limited
VEDL,INE205A01025,Vedanta Limited
ATUL,INE100A01010,Atul Limited
TRIGYN,INE948A01012,Trigyn Technologies Limited
ASAHIINDIA,INE439A01020,Asahi India Glass Limited
AMBUJACEM,INE079A01024,Ambuja Cements Limited
INDUSINDBK,INE095A01012,IndusInd Bank Limited
MAHAPEXLTD,INE843B01013,Maha Rashtra Apex Corporation Limited
RCF,INE027A01015,Rashtriya Chemicals and Fertilizers Limited
SUNDARMFIN,INE660A01013,Sundaram Finance Limited
ANTGRAPHIC,INE414B01021,Antarctica Limited
GMDCLTD,INE131A01031,Gujarat Mineral Development Corporation Limited
CORPBANK,INE112A01023,Corporation Bank
JAICORPLTD,INE070D01027,Jai Corp Limited
JAINSTUDIO,INE486B01011,Jain Studios Limited
RANEHOLDIN,INE384A01010,Rane Holdings Limited
ICICIBANK,INE090A01021,ICICI Bank Limited
ENGINERSIN,INE510A01028,Engineers India Limited
SCI,INE109A01011,Shipping Corporation Of India Limited
ADROITINFO,INE737B01033,Adroit Infotech Limited
DENORA,INE244A01016,De Nora India Limited
FDC,INE258B01022,FDC Limited
GUJALKALI,INE186A01019,Gujarat Alkalies and Chemicals Limited
SAREGAMA,INE979A01017,Saregama India Limited
MADRASFERT,INE414A01015,Madras Fertilizers Limited
EASUNREYRL,INE268C01029,Easun Reyrolle Limited
ORIENTBANK,INE141A01014,Oriental Bank of Commerce
INDSWFTLAB,INE915B01019,Ind-Swift Laboratories Limited
KCPSUGIND,INE790B01024,KCP Sugar and Industries Corporation Limited
ADANIENT,INE423A01024,Adani Enterprises Limited
TCIFINANCE,INE911B01018,TCI Finance Limited
DCMFINSERV,INE891B01012,DCM Financial Services Limited
INDNIPPON,INE092B01025,India Nippon Electricals Limited
CONCOR,INE111A01025,Container Corporation of India Limited
BANKINDIA,INE084A01016,Bank of India
LEEL,INE245C01019,LEEL Electricals Limited
INDRAMEDCO,INE681B01017,Indraprastha Medical Corporation Limited
KCP,INE805C01028,KCP Limited
RAMCOCEM,INE331A01037,The Ramco Cements Limited
GAIL,INE129A01019,GAIL (India) Limited
SKMEGGPROD,INE411D01015,SKM Egg Products Export (India) Limited
BANKBARODA,INE028A01039,Bank of Baroda
DENABANK,INE077A01010,Dena Bank
INDIANCARD,INE061A01014,Indian Card Clothing Company Limited
HINDALCO,INE038A01020,Hindalco Industries Limited
HCL-INSYS,INE236A01020,HCL Infosystems Limited
SRTRANSFIN,INE721A01013,Shriram Transport Finance Company Limited
HERITGFOOD,INE978A01027,Heritage Foods Limited
ACC,INE012A01025,ACC Limited
RAMCOIND,INE614A01028,Ramco Industries Limited
SHREYANIND,INE231C01019,Shreyans Industries Limited
KOTHARIPET,INE720A01015,Kothari Petrochemicals Limited
ATLASCYCLE,INE446A01025,Atlas Cycles (Haryana) Limited
HDFC,INE001A01036,Housing Development Finance Corporation Limited
RUCHINFRA,INE413B01023,Ruchi Infrastructure Limited
GUJRAFFIA,INE610B01024,Gujarat Raffia Industries Limited
SKIL,INE429F01012,SKIL Infrastructure Limited
WALCHANNAG,INE711A01022,Walchandnagar Industries Limited
MRF,INE883A01011,MRF Limited
VISAKAIND,INE392A01013,Visaka Industries Limited
BINDALAGRO,INE143A01010,Oswal Chemicals & Fertilizers Limited
MOTHERSUMI,INE775A01035,Motherson Sumi Systems Limited
SOMATEX,INE314C01013,Soma Textiles & Industries Limited
GODFRYPHLP,INE260B01028,Godfrey Phillips India Limited
IOC,INE242A01010,Indian Oil Corporation Limited
SUNDRMBRAK,INE073D01013,Sundaram Brake Linings Limited
SANGAMIND,INE495C01010,Sangam (India) Limited
SUBCAPCITY,INE845C01016,International Constructions Limited
ZENITHEXPO,INE058B01018,Zenith Exports Limited
INDHOTEL,INE053A01029,The Indian Hotels Company Limited
EASTSILK,INE962C01027,Eastern Silk Industries Limited
KEYCORPSER,INE681C01015,Keynote Corporate Services Limited
NORBTEAEXP,INE369C01017,Norben Tea & Exports Limited
BIOFILCHEM,INE829A01014,Biofil Chemicals & Pharmaceuticals Limited
SAMBHAAV,INE699B01027,Sambhaav Media Limited
REGENCERAM,INE277C01012,Regency Ceramics Limited
KAMATHOTEL,INE967C01018,Kamat Hotels (I) Limited
SILINV,INE923A01015,SIL Investments Limited
DHARSUGAR,INE988C01014,Dharani Sugars & Chemicals Limited
CHOLAFIN,INE121A01016,Cholamandalam Investment and Finance Company Limited
HINDCOMPOS,INE310C01029,Hindustan Composites Limited
GICHSGFIN,INE289B01019,GIC Housing Finance Limited
MARICO,INE196A01026,Marico Limited
MERCK,INE199A01012,Merck Limited
CUBEXTUB,INE144D01012,Cubex Tubings Limited
EIMCOELECO,INE158B01016,Eimco Elecon (India) Limited
PANACEABIO,INE922B01023,Panacea Biotec Limited
AUSOMENT,INE218C01016,Ausom Enterprise Limited
JAYAGROGN,INE785A01026,Jayant Agro Organics Limited
ALOKTEXT,INE270A01011,Alok Industries Limited
MOHOTAIND,INE313D01013,Mohota Industries Limited
PVP,INE362A01016,PVP Ventures Limited
HOTELRUGBY,INE275F01019,Hotel Rugby Limited
IFBAGRO,INE076C01018,IFB Agro Industries Limited
PREMIER,INE342A01018,Premier Limited
AEGISCHEM,INE208C01025,Aegis Logistics Limited
TATAPOWER,INE245A01021,Tata Power Company Limited
BBTC,INE050A01025,Bombay Burmah Trading Corporation Limited
BHARATGEAR,INE561C01019,Bharat Gears Limited
NBVENTURES,INE725A01022,Nava Bharat Ventures Limited
CARBORUNIV,INE120A01034,Carborundum Universal Limited
CORALFINAC,INE558D01021,Coral India Finance & Housing Limited
GREENPLY,INE461C01038,Greenply Industries Limited
SPMLINFRA,INE937A01023,SPML Infra Limited
TNPL,INE107A01015,Tamil Nadu Newsprint & Papers Limited
MODIRUBBER,INE832A01018,Modi Rubber Limited
REMSONSIND,INE474C01015,Remsons Industries Limited
EUROTEXIND,INE022C01012,Eurotex Industries and Exports Limited
DALMIASUG,INE495A01022,Dalmia Bharat Sugar and Industries Limited
NOCIL,INE163A01018,NOCIL Limited
SHANTIGEAR,INE631A01022,Shanthi Gears Limited
SPIC,INE147A01011,Southern Petrochemicals Industries Corporation  Limited
INDLMETER,INE065B01013,IMP Powers Limited
APOLLOHOSP,INE437A01024,Apollo Hospitals Enterprise Limited
KREBSBIO,INE268B01013,Krebs Biochemicals and Industries Limited
JAYBARMARU,INE571B01028,Jay Bharat Maruti Limited
MANGLMCEM,INE347A01017,Mangalam Cement Limited
M&M,INE101A01026,Mahindra & Mahindra Limited
NATCOPHARM,INE987B01026,Natco Pharma Limited
PETRONENGG,INE742A01019,Petron Engineering Construction Limited
KOTAKBANK,INE237A01028,Kotak Mahindra Bank Limited
KHAITANLTD,INE731C01018,Khaitan (India) Limited
SREINFRA,INE872A01014,SREI Infrastructure Finance Limited
PREMIERPOL,INE309M01012,Premier Polyfilm Limited
KAKATCEM,INE437B01014,Kakatiya Cement Sugar & Industries Limited
STINDIA,INE090C01019,STI India Limited
BIRLACABLE,INE800A01015,Birla Cable Limited
SWARAJENG,INE277A01016,Swaraj Engines Limited
RELCAPITAL,INE013A01015,Reliance Capital Limited
RELIANCE,INE002A01018,Reliance Industries Limited
RIIL,INE046A01015,Reliance Industrial Infrastructure Limited
SOMANYCERA,INE355A01028,Somany Ceramics Limited
ELGIEQUIP,INE285A01027,Elgi Equipments Limited
WIPRO,INE075A01022,Wipro Limited
HDFCBANK,INE040A01026,HDFC Bank Limited
NILKAMAL,INE310A01015,Nilkamal Limited
ANDHRSUGAR,INE715B01013,The Andhra Sugars Limited
ESABINDIA,INE284A01012,Esab India Limited
DELTAMAGNT,INE393A01011,Delta Magnets Limited
RAYMOND,INE301A01014,Raymond Limited
ARENTERP,INE610C01014,Rajdarshan Industries Limited
PRAJIND,INE074A01025,Praj Industries Limited
PEARLPOLY,INE844A01013,Pearl Polymers Limited
BHARATRAS,INE838B01013,Bharat Rasayan Limited
TOKYOPLAST,INE932C01012,Tokyo Plast International Limited
ZODIACLOTH,INE206B01013,Zodiac Clothing Company Limited
LIBERTSHOE,INE557B01019,Liberty Shoes Limited
TIL,INE806C01018,TIL Limited
IDBI,INE008A01015,IDBI Bank Limited
ASHAPURMIN,INE348A01023,Ashapura Minechem Limited
STARPAPER,INE733A01018,Star Paper Mills Limited
IVP,INE043C01018,IVP Limited
UCALFUEL,INE139B01016,Ucal Fuel Systems Limited
BPCL,INE029A01011,Bharat Petroleum Corporation Limited
KESORAMIND,INE087A01019,Kesoram Industries Limited
GSFC,INE026A01025,Gujarat State Fertilizers & Chemicals Limited
PRECWIRE,INE372C01029,Precision Wires India Limited
LUMAXIND,INE162B01018,Lumax Industries Limited
KABRAEXTRU,INE900B01029,Kabra Extrusion Technik Limited
SAKHTISUG,INE623A01011,Sakthi Sugars Limited
SIEMENS,INE003A01024,Siemens Limited
APCOTEXIND,INE116A01024,Apcotex Industries Limited
DICIND,INE303A01010,DIC India Limited
OILCOUNTUB,INE591A01010,Oil Country Tubular Limited
INDIANHUME,INE323C01030,Indian Hume Pipe Company Limited
THERMAX,INE152A01029,Thermax Limited
UFLEX,INE516A01017,UFLEX Limited
GMBREW,INE075D01018,GM Breweries Limited
ITC,INE154A01025,ITC Limited
METALFORGE,INE425A01011,Metalyst Forgings Limited
GTNIND,INE537A01013,GTN Industries Limited
MANGTIMBER,INE805B01012,Mangalam Timber Products Limited
ASHIMASYN,INE440A01010,Ashima Limited
TAINWALCHM,INE123C01018,Tainwala Chemical and Plastic (I) Limited
BSL,INE594B01012,BSL Limited
HOTELEELA,INE102A01024,Hotel Leela Venture Limited
ZODJRDMKJ,INE077B01018,Zodiac JRD- MKJ Limited
ONGC,INE213A01029,Oil & Natural Gas Corporation Limited
3PLAND,INE105C01023,3P Land Holdings Limited
SUPREMEIND,INE195A01028,Supreme Industries Limited
BANARBEADS,INE655B01011,Banaras Beads Limited
NKIND,INE542C01019,NK Industries Limited
HINDUNILVR,INE030A01027,Hindustan Unilever Limited
BALMLAWRIE,INE164A01016,Balmer Lawrie & Company Limited
SAIL,INE114A01011,Steel Authority of India Limited
CRISIL,INE007A01025,CRISIL Limited
SEAMECLTD,INE497B01018,Seamec Limited
SOTL,INE035D01012,Savita Oil Technologies Limited
BPL,INE110A01019,BPL Limited
CLNINDIA,INE492A01029,Clariant Chemicals (India) Limited
CHAMBLFERT,INE085A01013,Chambal Fertilizers & Chemicals Limited
APOLLOTYRE,INE438A01022,Apollo Tyres Limited
ASIANPAINT,INE021A01026,Asian Paints Limited
AUTOLITIND,INE448A01013,Autolite (India) Limited
COROMANDEL,INE169A01031,Coromandel International Limited
DCW,INE500A01029,DCW Limited
VLSFINANCE,INE709A01018,VLS Finance Limited
SUDARSCHEM,INE659A01023,Sudarshan Chemical Industries Limited
GUJFLUORO,INE538A01037,Gujarat Fluorochemicals Limited
COSMOFILMS,INE757A01017,Cosmo Films Limited
ASHOKLEY,INE208A01029,Ashok Leyland Limited
UTTAMSTL,INE699A01011,Uttam Galva Steels Limited
BASF,INE373A01013,BASF India Limited
UNIVCABLES,INE279A01012,Universal Cables Limited
GNFC,INE113A01013,Gujarat Narmada Valley Fertilizers and Chemicals Limited
SANGHIIND,INE999B01013,Sanghi Industries Limited
WEIZMANIND,INE080A01014,Weizmann Limited
BAJAJHIND,INE306A01021,Bajaj Hindusthan Sugar Limited
HEG,INE545A01016,HEG Limited
GRASIM,INE047A01021,Grasim Industries Limited
GINNIFILA,INE424C01010,Ginni Filaments Limited
PRAKASH,INE603A01013,Prakash Industries Limited
ADORWELD,INE045A01017,Ador Welding Limited
MASTEK,INE759A01021,Mastek Limited
EIDPARRY,INE126A01031,EID Parry India Limited
PATSPINLTD,INE790C01014,Patspin India Limited
CANFINHOME,INE477A01020,Can Fin Homes Limited
CENTENKA,INE485A01015,Century Enka Limited
JAYNECOIND,INE854B01010,Jayaswal Neco Industries Limited
SURYAROSNI,INE335A01012,Surya Roshni Limited
21STCENMGM,INE253B01015,21st Century Management Services Limited
THIRUSUGAR,INE409A01015,Thiru Arooran Sugars Limited
BOMDYEING,INE032A01023,Bombay Dyeing & Mfg Company Limited
SHREECEM,INE070A01015,SHREE CEMENT LIMITED
IFCI,INE039A01010,IFCI Limited
HIL,INE557A01011,HIL Limited
BIRLACORPN,INE340A01012,Birla Corporation Limited
PAEL,INE766A01018,PAE Limited
VOLTAS,INE226A01021,Voltas Limited
TATACOMM,INE151A01013,Tata Communications Limited
ZUARIGLOB,INE217A01012,Zuari Global Limited
FACT,INE188A01015,Fertilizers and Chemicals Travancore Limited
DCMSHRIRAM,INE499A01024,DCM Shriram Limited
CUMMINSIND,INE298A01020,Cummins India Limited
ORIENTPPR,INE592A01026,Orient Paper & Industries Limited
SESHAPAPER,INE630A01016,Seshasayee Paper and Boards Limited
RUBYMILLS,INE301D01026,The Ruby Mills Limited
INEOSSTYRO,INE189B01011,INEOS Styrolution India Limited
IFBIND,INE559A01017,IFB Industries Limited
GTL,INE043A01012,GTL Limited
OSWALAGRO,INE142A01012,Oswal Agro Mills Limited
DCM,INE498A01018,DCM  Limited
DHAMPURSUG,INE041A01016,Dhampur Sugar Mills Limited
LAXMIMACH,INE269B01029,Lakshmi Machine Works Limited
ABAN,INE421A01028,Aban Offshore Limited
PHILIPCARB,INE602A01023,Phillips Carbon Black Limited
PIDILITIND,INE318A01026,Pidilite Industries Limited
RAJSREESUG,INE562B01019,Rajshree Sugars & Chemicals Limited
RAMGOPOLY,INE410D01017,Ramgopal Polytex Limited
EVERESTIND,INE295A01018,Everest Industries Limited
BAJAJHLDNG,INE118A01012,Bajaj Holdings & Investment Limited
HEIDELBERG,INE578A01017,HeidelbergCement India Limited
ROLTA,INE293A01013,Rolta India Limited
ESCORTS,INE042A01014,Escorts Limited
SBIN,INE062A01020,State Bank of India
SHREYAS,INE757B01015,Shreyas Shipping & Logistics Limited
CGPOWER,INE067A01029,CG Power and Industrial Solutions Limited
JAYSREETEA,INE364A01020,Jayshree Tea & Industries Limited
RSWM,INE611A01016,RSWM Limited
FINCABLES,INE235A01022,Finolex Cables Limited
SALORAINTL,INE924A01013,Salora International Limited
MAHSCOOTER,INE288A01013,Maharashtra Scooters Limited
MARALOVER,INE882A01013,Maral Overseas Limited
MOTOGENFIN,INE861B01015,The Motor & General Finance Limited
NAVNETEDUL,INE060A01024,Navneet Education Limited
AARTIIND,INE769A01020,Aarti Industries Limited
ABB,INE117A01022,ABB India Limited
AMJLAND,INE606A01024,Amj Land Holdings Limited
ARVIND,INE034A01011,Arvind Limited
PEL,INE140A01024,Piramal Enterprises Limited
PENINLAND,INE138A01028,Peninsula Land Limited
EIHOTEL,INE230A01023,EIH Limited
FEDERALBNK,INE171A01029,The Federal Bank  Limited
FINPIPE,INE183A01016,Finolex Industries Limited
FMGOETZE,INE529A01010,Federal-Mogul Goetze (India) Limited.
GIPCL,INE162A01010,Gujarat Industries Power Company Limited
GOLDENTOBC,INE973A01010,Golden Tobacco Limited
HARRMALAYA,INE544A01019,Harrisons  Malayalam Limited
HIMATSEIDE,INE049A01027,Himatsingka Seide Limited
HINDSYNTEX,INE155B01012,Hind Syntex Limited
INFY,INE009A01021,Infosys Limited
BALRAMCHIN,INE119A01028,Balrampur Chini Mills Limited
BLUEBLENDS,INE113O01014,Blue Blends (I) Limited
VINDHYATEL,INE707A01012,Vindhya Telelinks Limited
WILLAMAGOR,INE210A01017,Williamson Magor & Company Limited
RELINFRA,INE036A01016,Reliance Infrastructure Limited
SUNPHARMA,INE044A01036,Sun Pharmaceutical Industries Limited
IPCALAB,INE571A01020,IPCA Laboratories Limited
LYKALABS,INE933A01014,Lyka Labs Limited
KSB,INE999A01015,Ksb Limited
KANORICHEM,INE138C01024,Kanoria Chemicals & Industries Limited
CESC,INE486A01013,CESC Limited
CIPLA,INE059A01026,Cipla Limited
